[{
  "timestamp": 176448.582401,
  "timestamp_epoch": 1632509251.425534,
  "event": "oculus_service_start",
  "service": "1.65.0",
  "display_diags_status": "Passed",
  "display_diags_status_value": 0,
  "display_diags_active_display_system": "None",
  "display_diags_dxgi2_preview_capable": 1,
  "display_diags_dxgi2_preview_available": 0,
  "display_diags_dxgi2_preview_code": -3019,
  "display_diags_dxgi2_preview_details": "Failed during detection of DXGI 2 Preview",
  "display_diags_direct_display_capable": 1,
  "display_diags_direct_display_available": 1,
  "display_diags_direct_display_code": 0,
  "display_diags_direct_display_details": "Direct Display available",
  "display_diags_ovr_direct_capable": 1,
  "display_diags_ovr_direct_available": 1,
  "display_diags_ovr_direct_code": 0,
  "display_diags_ovr_direct_details": "Debug Display available",
  "monitors": [
    {
      "horizontal_active_pixels": 3840,
      "vertical_active_pixels": 2160,
      "horizontal_image_size_mm": 1872,
      "vertical_image_size_mm": 1053
    }
  ],
  "computer_type": "desktop",
  "hardware": {
    "Version": "1.0.0 (Custom Build)",
    "Timestamp": 1632509251,
    "Timestamp_str": "Fri Sep 24 11:47:31 2021 Pacific Daylight Time",
    "OverallResult": 0,
    "OverallResult_str": "PASS",
    "CpuList": [
        {
            "Name": "AMD Ryzen 5 2600 Six-Core Processor            ",
            "Manufacturer": "AuthenticAMD",
            "Level": 23,
            "Model": 8,
            "Stepping": 2,
            "NumberOfCores": 6,
            "NumberOfLogicalProcessors": 12,
            "MaxFrequencyMhz": 3400,
            "Compatibility": 0,
            "Compatibility_str": "PASS",
            "CompatibilityReason": 0,
            "CompatibilityReason_str": "WHITELISTED"
        }
    ],
    "MatchedCpu": {
        "Name": "AMD Ryzen 5 2600 Six-Core Processor            ",
        "Manufacturer": "AuthenticAMD",
        "Level": 23,
        "Model": 8,
        "Stepping": 2,
        "NumberOfCores": 6,
        "NumberOfLogicalProcessors": 12,
        "MaxFrequencyMhz": 3400,
        "Compatibility": 0,
        "Compatibility_str": "PASS",
        "CompatibilityReason": 0,
        "CompatibilityReason_str": "WHITELISTED"
    },
    "CpuResult": 0,
    "CpuResult_str": "PASS",
    "CpuHelpUrl": "",
    "VideoCardList": [
        {
            "Name": "AMD Radeon RX 580",
            "WhitelistName": "Radeon RX 590 ",
            "DriverVersion": "27.20.21002.112",
            "LUID": "0x000000000000b98f",
            "VendorId": 4098,
            "ProductId": 26591,
            "SubsysVendorId": 0,
            "SubsysRevId": 231,
            "VRamMb": 8192,
            "HybridGraphicsStatus": "Success",
            "Compatibility": 0,
            "Compatibility_str": "PASS",
            "IsDriverCompatible": true,
            "PassHybridCheck": true,
            "VulkanCapable": true,
            "total_DVI_port_count": 1,
            "total_HDMI_port_count": 1,
            "total_generic_DisplayPort_port_count": 3,
            "total_internal_DisplayPort_port_count": 0,
            "total_external_DisplayPort_port_count": 0,
            "total_external_mini_DisplayPort_port_count": 0,
            "active_DVI_port_count": 0,
            "active_HDMI_port_count": 0,
            "active_generic_DisplayPort_port_count": 0,
            "active_internal_DisplayPort_port_count": 0,
            "active_external_DisplayPort_port_count": 0,
            "active_external_mini_DisplayPort_port_count": 0
        }
    ],
    "MatchedVideoCard": {
        "Name": "AMD Radeon RX 580",
        "WhitelistName": "Radeon RX 590 ",
        "DriverVersion": "27.20.21002.112",
        "LUID": "0x000000000000b98f",
        "VendorId": 4098,
        "ProductId": 26591,
        "SubsysVendorId": 0,
        "SubsysRevId": 231,
        "VRamMb": 8192,
        "HybridGraphicsStatus": "Success",
        "Compatibility": 0,
        "Compatibility_str": "PASS",
        "IsDriverCompatible": true,
        "PassHybridCheck": true,
        "VulkanCapable": true,
        "total_DVI_port_count": 1,
        "total_HDMI_port_count": 1,
        "total_generic_DisplayPort_port_count": 3,
        "total_internal_DisplayPort_port_count": 0,
        "total_external_DisplayPort_port_count": 0,
        "total_external_mini_DisplayPort_port_count": 0,
        "active_DVI_port_count": 0,
        "active_HDMI_port_count": 0,
        "active_generic_DisplayPort_port_count": 0,
        "active_internal_DisplayPort_port_count": 0,
        "active_external_DisplayPort_port_count": 0,
        "active_external_mini_DisplayPort_port_count": 0
    },
    "VideoCardResult": 0,
    "VideoCardResult_str": "PASS",
    "VideoCardHelpUrl": "",
    "RamMb": 16316,
    "RamResult": 0,
    "RamResult_str": "PASS",
    "RamHelpUrl": "",
    "Os": {
        "Name": "Windows 10 64-bit",
        "Is64bit": true,
        "IsServer": false,
        "Version": 8,
        "DetailedInfo": {
            "RtlGetVersion_Loaded": true,
            "RtlGetVersion_Succeeded": true,
            "MajorVersion": 10,
            "MinorVersion": 0,
            "BuildNumber": 19042
        }
    },
    "OsResult": 0,
    "OsResult_str": "PASS",
    "OsResultSpecific": 0,
    "OsResultSpecific_str": "PASS",
    "OsHelpUrl": "",
    "UsbControllerList": [
        {
            "Compatibility": 3,
            "Compatibility_str": "UNKNOWN_USB3",
            "Name": "AMD USB 3.0 eXtensible Host Controller - 1.0 (Microsoft)",
            "VendorId": 4130,
            "ProductId": 5215,
            "UsbMajorVersion": 3,
            "ProgIf": 48,
            "DriverDescription": "USB xHCI Compliant Host Controller",
            "DriverProvider": "Microsoft",
            "DriverVersion": "10.0.19041.1081",
            "MatchedRefernce": {
                "VendorId": -1,
                "ProductId": 0,
                "Os": "Unknown",
                "DriverProviderName": "",
                "DriverVersion": "0.0.0.0"
            }
        },
        {
            "Compatibility": 3,
            "Compatibility_str": "UNKNOWN_USB3",
            "Name": "AMD USB 3.10 eXtensible Host Controller - 1.10 (Microsoft)",
            "VendorId": 4130,
            "ProductId": 17365,
            "UsbMajorVersion": 3,
            "ProgIf": 48,
            "DriverDescription": "USB xHCI Compliant Host Controller",
            "DriverProvider": "Microsoft",
            "DriverVersion": "10.0.19041.1081",
            "MatchedRefernce": {
                "VendorId": -1,
                "ProductId": 0,
                "Os": "Unknown",
                "DriverProviderName": "",
                "DriverVersion": "0.0.0.0"
            }
        }
    ],
    "UsbResult": 0,
    "UsbResult_str": "PASS",
    "UsbResultSpecific": 0,
    "UsbResultSpecific_str": "PASS",
    "UsbMatchedController": {
        "Compatibility": 3,
        "Compatibility_str": "UNKNOWN_USB3",
        "Name": "AMD USB 3.0 eXtensible Host Controller - 1.0 (Microsoft)",
        "VendorId": 4130,
        "ProductId": 5215,
        "UsbMajorVersion": 3,
        "ProgIf": 48,
        "DriverDescription": "USB xHCI Compliant Host Controller",
        "DriverProvider": "Microsoft",
        "DriverVersion": "10.0.19041.1081",
        "MatchedRefernce": {
            "VendorId": -1,
            "ProductId": 0,
            "Os": "Unknown",
            "DriverProviderName": "",
            "DriverVersion": "0.0.0.0"
        }
    },
    "UsbHelpUrl": "",
    "InternalErrors": []
},
  "bsod": [
  ],
  "overall_compat": "PASS",
  "cpu_names": "AMD Ryzen 5 2600 Six-Core Processor            ",
  "cpu_cores": "6",
  "cpu_compat": "PASS",
  "gpu_names": "AMD Radeon RX 580",
  "gpu_whitelist_names": "Radeon RX 590 ",
  "gpu_vram": "8192",
  "gpu_driver": "27.20.21002.112",
  "gpu_compat": "PASS",
  "gpu_pid": "26591",
  "gpu_vid": "4098",
  "gpu_revid": "231",
  "gpu_subsys_vid": "0",
  "gpu_hybrid_result": "Success",
  "gpu_driver_compatible": "1",
  "gpu_pass_hybrid_check": "1",
  "gpu_vulkan_capable": "1",
  "gpu_rec_spec_performance_flags": "2",
  "system_memory": "16316",
  "system_memory_compat": "PASS",
  "os": "Windows 10 64-bit",
  "os_version": "8",
  "os_major": "10",
  "os_minor": "0",
  "os_build": "19042",
  "os_compat": "PASS",
  "usb_compat": "PASS",
  "machine_tags": "",
  "machine_id": "6c872d84e68c89c47981b95fda4134b5735302664fe14645ca85973a84da9884",
  "hmd_graphics_adapter_desc": "",
  "hmd_graphics_adapter_vid": "0",
  "hmd_graphics_adapter_pid": "0",
  "hmd_graphics_adapter_vram_mib": "0",
  "hmd_graphics_adapter_driver": "0.0.0.0",
  "hmd_display_system": "None",
  "hmd_display_connector_type": "",
  "hmd_display_dongle_type": "",
  "motherboard_product": "B450 Gaming-ITX/ac",
  "motherboard_manufacturer": "ASRock",
  "motherboard_serial": "M80-B7015300176",
  "motherboard_version": "                      ",
  "is_proximity_active": "0"
},{
  "timestamp": 176449.096551,
  "timestamp_epoch": 1632509251.939690,
  "event": "oculus_gamepad_stats",
  "pid": "0",
  "count": "0",
  "pressed": "0",
  "machine_tags": "",
  "machine_id": "6c872d84e68c89c47981b95fda4134b5735302664fe14645ca85973a84da9884",
  "is_proximity_active": "0"
},{
  "timestamp": 176449.096646,
  "timestamp_epoch": 1632509251.939790,
  "event": "oculus_x360emu_init",
  "pid": "0",
  "time_ms": "0.231000",
  "mode": "1",
  "operating_system": "10",
  "machine_tags": "",
  "machine_id": "6c872d84e68c89c47981b95fda4134b5735302664fe14645ca85973a84da9884",
  "is_proximity_active": "0"
},{
  "timestamp": 176450.102068,
  "timestamp_epoch": 1632509252.945207,
  "event": "oculus_controller_event",
  "pid": "0",
  "controller_type": "ltouch",
  "controller_event": "active",
  "machine_tags": "",
  "machine_id": "6c872d84e68c89c47981b95fda4134b5735302664fe14645ca85973a84da9884",
  "is_proximity_active": "0"
},{
  "timestamp": 176510.442955,
  "timestamp_epoch": 1632509313.286084,
  "event": "oculus_touch_calibrated_data",
  "pid": "0",
  "minutes": "0.002113",
  "serial_number": "WMTCL77D400NBU",
  "trigger_min": "1.000000",
  "trigger_max": "1.000000",
  "middlefinger_min": "1.000000",
  "middlefinger_max": "1.000000",
  "joystick_x_min": "0.000786",
  "joystick_x_max": "0.001563",
  "joystick_y_min": "-0.005606",
  "joystick_y_max": "-0.002659",
  "capsense_joystick_min": "0",
  "capsense_joystick_max": "0",
  "capsense_a_min": "0",
  "capsense_a_max": "293",
  "capsense_b_min": "0",
  "capsense_b_max": "40",
  "capsense_trigger_min": "0",
  "capsense_trigger_max": "0",
  "capsense_thumb_min": "0",
  "capsense_thumb_max": "0",
  "machine_tags": "",
  "machine_id": "6c872d84e68c89c47981b95fda4134b5735302664fe14645ca85973a84da9884",
  "is_proximity_active": "0"
},{
  "timestamp": 177041.182882,
  "timestamp_epoch": 1632509844.026022,
  "event": "oculus_gamepad_stats",
  "pid": "0",
  "count": "0",
  "pressed": "0",
  "machine_tags": "",
  "machine_id": "6c872d84e68c89c47981b95fda4134b5735302664fe14645ca85973a84da9884",
  "is_proximity_active": "0"
},{
  "timestamp": 177641.456278,
  "timestamp_epoch": 1632510444.299410,
  "event": "oculus_gamepad_stats",
  "pid": "0",
  "count": "0",
  "pressed": "0",
  "machine_tags": "",
  "machine_id": "6c872d84e68c89c47981b95fda4134b5735302664fe14645ca85973a84da9884",
  "is_proximity_active": "0"
},{
  "timestamp": 178241.713349,
  "timestamp_epoch": 1632511044.556486,
  "event": "oculus_gamepad_stats",
  "pid": "0",
  "count": "0",
  "pressed": "0",
  "machine_tags": "",
  "machine_id": "6c872d84e68c89c47981b95fda4134b5735302664fe14645ca85973a84da9884",
  "is_proximity_active": "0"
},{
  "timestamp": 178841.981883,
  "timestamp_epoch": 1632511644.825022,
  "event": "oculus_gamepad_stats",
  "pid": "0",
  "count": "0",
  "pressed": "0",
  "machine_tags": "",
  "machine_id": "6c872d84e68c89c47981b95fda4134b5735302664fe14645ca85973a84da9884",
  "is_proximity_active": "0"
},{
  "timestamp": 179442.342815,
  "timestamp_epoch": 1632512245.185937,
  "event": "oculus_gamepad_stats",
  "pid": "0",
  "count": "0",
  "pressed": "0",
  "machine_tags": "",
  "machine_id": "6c872d84e68c89c47981b95fda4134b5735302664fe14645ca85973a84da9884",
  "is_proximity_active": "0"
},{
  "timestamp": 180042.479488,
  "timestamp_epoch": 1632512845.322609,
  "event": "oculus_gamepad_stats",
  "pid": "0",
  "count": "0",
  "pressed": "0",
  "machine_tags": "",
  "machine_id": "6c872d84e68c89c47981b95fda4134b5735302664fe14645ca85973a84da9884",
  "is_proximity_active": "0"
},{
  "timestamp": 180642.909317,
  "timestamp_epoch": 1632513445.752437,
  "event": "oculus_gamepad_stats",
  "pid": "0",
  "count": "0",
  "pressed": "0",
  "machine_tags": "",
  "machine_id": "6c872d84e68c89c47981b95fda4134b5735302664fe14645ca85973a84da9884",
  "is_proximity_active": "0"
},{
  "timestamp": 181243.204920,
  "timestamp_epoch": 1632514046.048041,
  "event": "oculus_gamepad_stats",
  "pid": "0",
  "count": "0",
  "pressed": "0",
  "machine_tags": "",
  "machine_id": "6c872d84e68c89c47981b95fda4134b5735302664fe14645ca85973a84da9884",
  "is_proximity_active": "0"
},{
  "timestamp": 181843.500486,
  "timestamp_epoch": 1632514646.343606,
  "event": "oculus_gamepad_stats",
  "pid": "0",
  "count": "0",
  "pressed": "0",
  "machine_tags": "",
  "machine_id": "6c872d84e68c89c47981b95fda4134b5735302664fe14645ca85973a84da9884",
  "is_proximity_active": "0"
},{
  "timestamp": 182443.794610,
  "timestamp_epoch": 1632515246.637730,
  "event": "oculus_gamepad_stats",
  "pid": "0",
  "count": "0",
  "pressed": "0",
  "machine_tags": "",
  "machine_id": "6c872d84e68c89c47981b95fda4134b5735302664fe14645ca85973a84da9884",
  "is_proximity_active": "0"
},{
  "timestamp": 183044.027658,
  "timestamp_epoch": 1632515846.870640,
  "event": "oculus_gamepad_stats",
  "pid": "0",
  "count": "0",
  "pressed": "0",
  "machine_tags": "",
  "machine_id": "6c872d84e68c89c47981b95fda4134b5735302664fe14645ca85973a84da9884",
  "is_proximity_active": "0"
},{
  "timestamp": 183644.292929,
  "timestamp_epoch": 1632516447.136050,
  "event": "oculus_gamepad_stats",
  "pid": "0",
  "count": "0",
  "pressed": "0",
  "machine_tags": "",
  "machine_id": "6c872d84e68c89c47981b95fda4134b5735302664fe14645ca85973a84da9884",
  "is_proximity_active": "0"
},{
  "timestamp": 184244.592832,
  "timestamp_epoch": 1632517047.435950,
  "event": "oculus_gamepad_stats",
  "pid": "0",
  "count": "0",
  "pressed": "0",
  "machine_tags": "",
  "machine_id": "6c872d84e68c89c47981b95fda4134b5735302664fe14645ca85973a84da9884",
  "is_proximity_active": "0"
},{
  "timestamp": 184844.903942,
  "timestamp_epoch": 1632517647.747062,
  "event": "oculus_gamepad_stats",
  "pid": "0",
  "count": "0",
  "pressed": "0",
  "machine_tags": "",
  "machine_id": "6c872d84e68c89c47981b95fda4134b5735302664fe14645ca85973a84da9884",
  "is_proximity_active": "0"
},{
  "timestamp": 185445.296052,
  "timestamp_epoch": 1632518248.139156,
  "event": "oculus_gamepad_stats",
  "pid": "0",
  "count": "0",
  "pressed": "0",
  "machine_tags": "",
  "machine_id": "6c872d84e68c89c47981b95fda4134b5735302664fe14645ca85973a84da9884",
  "is_proximity_active": "0"
},{
  "timestamp": 186045.482507,
  "timestamp_epoch": 1632518848.325627,
  "event": "oculus_gamepad_stats",
  "pid": "0",
  "count": "0",
  "pressed": "0",
  "machine_tags": "",
  "machine_id": "6c872d84e68c89c47981b95fda4134b5735302664fe14645ca85973a84da9884",
  "is_proximity_active": "0"
},{
  "timestamp": 186645.863215,
  "timestamp_epoch": 1632519448.706336,
  "event": "oculus_gamepad_stats",
  "pid": "0",
  "count": "0",
  "pressed": "0",
  "machine_tags": "",
  "machine_id": "6c872d84e68c89c47981b95fda4134b5735302664fe14645ca85973a84da9884",
  "is_proximity_active": "0"
},{
  "timestamp": 187246.097767,
  "timestamp_epoch": 1632520048.940885,
  "event": "oculus_gamepad_stats",
  "pid": "0",
  "count": "0",
  "pressed": "0",
  "machine_tags": "",
  "machine_id": "6c872d84e68c89c47981b95fda4134b5735302664fe14645ca85973a84da9884",
  "is_proximity_active": "0"
},{
  "timestamp": 187846.135751,
  "timestamp_epoch": 1632520648.978870,
  "event": "oculus_gamepad_stats",
  "pid": "0",
  "count": "0",
  "pressed": "0",
  "machine_tags": "",
  "machine_id": "6c872d84e68c89c47981b95fda4134b5735302664fe14645ca85973a84da9884",
  "is_proximity_active": "0"
},{
  "timestamp": 188446.925824,
  "timestamp_epoch": 1632521249.768944,
  "event": "oculus_gamepad_stats",
  "pid": "0",
  "count": "0",
  "pressed": "0",
  "machine_tags": "",
  "machine_id": "6c872d84e68c89c47981b95fda4134b5735302664fe14645ca85973a84da9884",
  "is_proximity_active": "0"
},{
  "timestamp": 189047.214356,
  "timestamp_epoch": 1632521850.057471,
  "event": "oculus_gamepad_stats",
  "pid": "0",
  "count": "0",
  "pressed": "0",
  "machine_tags": "",
  "machine_id": "6c872d84e68c89c47981b95fda4134b5735302664fe14645ca85973a84da9884",
  "is_proximity_active": "0"
},{
  "timestamp": 189647.503858,
  "timestamp_epoch": 1632522450.346976,
  "event": "oculus_gamepad_stats",
  "pid": "0",
  "count": "0",
  "pressed": "0",
  "machine_tags": "",
  "machine_id": "6c872d84e68c89c47981b95fda4134b5735302664fe14645ca85973a84da9884",
  "is_proximity_active": "0"
},{
  "timestamp": 190247.795372,
  "timestamp_epoch": 1632523050.638487,
  "event": "oculus_gamepad_stats",
  "pid": "0",
  "count": "0",
  "pressed": "0",
  "machine_tags": "",
  "machine_id": "6c872d84e68c89c47981b95fda4134b5735302664fe14645ca85973a84da9884",
  "is_proximity_active": "0"
},{
  "timestamp": 190848.083495,
  "timestamp_epoch": 1632523650.926615,
  "event": "oculus_gamepad_stats",
  "pid": "0",
  "count": "0",
  "pressed": "0",
  "machine_tags": "",
  "machine_id": "6c872d84e68c89c47981b95fda4134b5735302664fe14645ca85973a84da9884",
  "is_proximity_active": "0"
},{
  "timestamp": 191448.804217,
  "timestamp_epoch": 1632524251.647337,
  "event": "oculus_gamepad_stats",
  "pid": "0",
  "count": "0",
  "pressed": "0",
  "machine_tags": "",
  "machine_id": "6c872d84e68c89c47981b95fda4134b5735302664fe14645ca85973a84da9884",
  "is_proximity_active": "0"
},{
  "timestamp": 192048.985527,
  "timestamp_epoch": 1632524851.828647,
  "event": "oculus_gamepad_stats",
  "pid": "0",
  "count": "0",
  "pressed": "0",
  "machine_tags": "",
  "machine_id": "6c872d84e68c89c47981b95fda4134b5735302664fe14645ca85973a84da9884",
  "is_proximity_active": "0"
},{
  "timestamp": 192649.293186,
  "timestamp_epoch": 1632525452.136306,
  "event": "oculus_gamepad_stats",
  "pid": "0",
  "count": "0",
  "pressed": "0",
  "machine_tags": "",
  "machine_id": "6c872d84e68c89c47981b95fda4134b5735302664fe14645ca85973a84da9884",
  "is_proximity_active": "0"
},{
  "timestamp": 193249.692729,
  "timestamp_epoch": 1632526052.535814,
  "event": "oculus_gamepad_stats",
  "pid": "0",
  "count": "0",
  "pressed": "0",
  "machine_tags": "",
  "machine_id": "6c872d84e68c89c47981b95fda4134b5735302664fe14645ca85973a84da9884",
  "is_proximity_active": "0"
},{
  "timestamp": 193850.060052,
  "timestamp_epoch": 1632526652.903172,
  "event": "oculus_gamepad_stats",
  "pid": "0",
  "count": "0",
  "pressed": "0",
  "machine_tags": "",
  "machine_id": "6c872d84e68c89c47981b95fda4134b5735302664fe14645ca85973a84da9884",
  "is_proximity_active": "0"
},{
  "timestamp": 194450.404398,
  "timestamp_epoch": 1632527253.247519,
  "event": "oculus_gamepad_stats",
  "pid": "0",
  "count": "0",
  "pressed": "0",
  "machine_tags": "",
  "machine_id": "6c872d84e68c89c47981b95fda4134b5735302664fe14645ca85973a84da9884",
  "is_proximity_active": "0"
},{
  "timestamp": 195050.760169,
  "timestamp_epoch": 1632527853.603290,
  "event": "oculus_gamepad_stats",
  "pid": "0",
  "count": "0",
  "pressed": "0",
  "machine_tags": "",
  "machine_id": "6c872d84e68c89c47981b95fda4134b5735302664fe14645ca85973a84da9884",
  "is_proximity_active": "0"
},{
  "timestamp": 195651.057781,
  "timestamp_epoch": 1632528453.900901,
  "event": "oculus_gamepad_stats",
  "pid": "0",
  "count": "0",
  "pressed": "0",
  "machine_tags": "",
  "machine_id": "6c872d84e68c89c47981b95fda4134b5735302664fe14645ca85973a84da9884",
  "is_proximity_active": "0"
},{
  "timestamp": 196251.194920,
  "timestamp_epoch": 1632529054.038041,
  "event": "oculus_gamepad_stats",
  "pid": "0",
  "count": "0",
  "pressed": "0",
  "machine_tags": "",
  "machine_id": "6c872d84e68c89c47981b95fda4134b5735302664fe14645ca85973a84da9884",
  "is_proximity_active": "0"
},{
  "timestamp": 196851.717166,
  "timestamp_epoch": 1632529654.560287,
  "event": "oculus_gamepad_stats",
  "pid": "0",
  "count": "0",
  "pressed": "0",
  "machine_tags": "",
  "machine_id": "6c872d84e68c89c47981b95fda4134b5735302664fe14645ca85973a84da9884",
  "is_proximity_active": "0"
},{
  "timestamp": 197451.996914,
  "timestamp_epoch": 1632530254.840035,
  "event": "oculus_gamepad_stats",
  "pid": "0",
  "count": "0",
  "pressed": "0",
  "machine_tags": "",
  "machine_id": "6c872d84e68c89c47981b95fda4134b5735302664fe14645ca85973a84da9884",
  "is_proximity_active": "0"
},{
  "timestamp": 198052.267035,
  "timestamp_epoch": 1632530855.110153,
  "event": "oculus_gamepad_stats",
  "pid": "0",
  "count": "0",
  "pressed": "0",
  "machine_tags": "",
  "machine_id": "6c872d84e68c89c47981b95fda4134b5735302664fe14645ca85973a84da9884",
  "is_proximity_active": "0"
},{
  "timestamp": 198652.551148,
  "timestamp_epoch": 1632531455.394266,
  "event": "oculus_gamepad_stats",
  "pid": "0",
  "count": "0",
  "pressed": "0",
  "machine_tags": "",
  "machine_id": "6c872d84e68c89c47981b95fda4134b5735302664fe14645ca85973a84da9884",
  "is_proximity_active": "0"
},{
  "timestamp": 199252.754096,
  "timestamp_epoch": 1632532055.597217,
  "event": "oculus_gamepad_stats",
  "pid": "0",
  "count": "0",
  "pressed": "0",
  "machine_tags": "",
  "machine_id": "6c872d84e68c89c47981b95fda4134b5735302664fe14645ca85973a84da9884",
  "is_proximity_active": "0"
},{
  "timestamp": 199853.159378,
  "timestamp_epoch": 1632532656.002498,
  "event": "oculus_gamepad_stats",
  "pid": "0",
  "count": "0",
  "pressed": "0",
  "machine_tags": "",
  "machine_id": "6c872d84e68c89c47981b95fda4134b5735302664fe14645ca85973a84da9884",
  "is_proximity_active": "0"
},{
  "timestamp": 200453.453419,
  "timestamp_epoch": 1632533256.296540,
  "event": "oculus_gamepad_stats",
  "pid": "0",
  "count": "0",
  "pressed": "0",
  "machine_tags": "",
  "machine_id": "6c872d84e68c89c47981b95fda4134b5735302664fe14645ca85973a84da9884",
  "is_proximity_active": "0"
},{
  "timestamp": 201053.722358,
  "timestamp_epoch": 1632533856.565479,
  "event": "oculus_gamepad_stats",
  "pid": "0",
  "count": "0",
  "pressed": "0",
  "machine_tags": "",
  "machine_id": "6c872d84e68c89c47981b95fda4134b5735302664fe14645ca85973a84da9884",
  "is_proximity_active": "0"
},{
  "timestamp": 201654.071394,
  "timestamp_epoch": 1632534456.914515,
  "event": "oculus_gamepad_stats",
  "pid": "0",
  "count": "0",
  "pressed": "0",
  "machine_tags": "",
  "machine_id": "6c872d84e68c89c47981b95fda4134b5735302664fe14645ca85973a84da9884",
  "is_proximity_active": "0"
},{
  "timestamp": 202254.262106,
  "timestamp_epoch": 1632535057.105219,
  "event": "oculus_gamepad_stats",
  "pid": "0",
  "count": "0",
  "pressed": "0",
  "machine_tags": "",
  "machine_id": "6c872d84e68c89c47981b95fda4134b5735302664fe14645ca85973a84da9884",
  "is_proximity_active": "0"
},{
  "timestamp": 202854.524822,
  "timestamp_epoch": 1632535657.367942,
  "event": "oculus_gamepad_stats",
  "pid": "0",
  "count": "0",
  "pressed": "0",
  "machine_tags": "",
  "machine_id": "6c872d84e68c89c47981b95fda4134b5735302664fe14645ca85973a84da9884",
  "is_proximity_active": "0"
},{
  "timestamp": 203455.003680,
  "timestamp_epoch": 1632536257.846800,
  "event": "oculus_gamepad_stats",
  "pid": "0",
  "count": "0",
  "pressed": "0",
  "machine_tags": "",
  "machine_id": "6c872d84e68c89c47981b95fda4134b5735302664fe14645ca85973a84da9884",
  "is_proximity_active": "0"
},{
  "timestamp": 204055.025573,
  "timestamp_epoch": 1632536857.868695,
  "event": "oculus_gamepad_stats",
  "pid": "0",
  "count": "0",
  "pressed": "0",
  "machine_tags": "",
  "machine_id": "6c872d84e68c89c47981b95fda4134b5735302664fe14645ca85973a84da9884",
  "is_proximity_active": "0"
},{
  "timestamp": 204655.404091,
  "timestamp_epoch": 1632537458.247212,
  "event": "oculus_gamepad_stats",
  "pid": "0",
  "count": "0",
  "pressed": "0",
  "machine_tags": "",
  "machine_id": "6c872d84e68c89c47981b95fda4134b5735302664fe14645ca85973a84da9884",
  "is_proximity_active": "0"
},{
  "timestamp": 205255.994630,
  "timestamp_epoch": 1632538058.837749,
  "event": "oculus_gamepad_stats",
  "pid": "0",
  "count": "0",
  "pressed": "0",
  "machine_tags": "",
  "machine_id": "6c872d84e68c89c47981b95fda4134b5735302664fe14645ca85973a84da9884",
  "is_proximity_active": "0"
},{
  "timestamp": 205856.060423,
  "timestamp_epoch": 1632538658.903544,
  "event": "oculus_gamepad_stats",
  "pid": "0",
  "count": "0",
  "pressed": "0",
  "machine_tags": "",
  "machine_id": "6c872d84e68c89c47981b95fda4134b5735302664fe14645ca85973a84da9884",
  "is_proximity_active": "0"
},{
  "timestamp": 206456.370529,
  "timestamp_epoch": 1632539259.213646,
  "event": "oculus_gamepad_stats",
  "pid": "0",
  "count": "0",
  "pressed": "0",
  "machine_tags": "",
  "machine_id": "6c872d84e68c89c47981b95fda4134b5735302664fe14645ca85973a84da9884",
  "is_proximity_active": "0"
},{
  "timestamp": 207056.869413,
  "timestamp_epoch": 1632539859.712532,
  "event": "oculus_gamepad_stats",
  "pid": "0",
  "count": "0",
  "pressed": "0",
  "machine_tags": "",
  "machine_id": "6c872d84e68c89c47981b95fda4134b5735302664fe14645ca85973a84da9884",
  "is_proximity_active": "0"
},{
  "timestamp": 207656.977753,
  "timestamp_epoch": 1632540459.820872,
  "event": "oculus_gamepad_stats",
  "pid": "0",
  "count": "0",
  "pressed": "0",
  "machine_tags": "",
  "machine_id": "6c872d84e68c89c47981b95fda4134b5735302664fe14645ca85973a84da9884",
  "is_proximity_active": "0"
},{
  "timestamp": 208257.392886,
  "timestamp_epoch": 1632541060.236006,
  "event": "oculus_gamepad_stats",
  "pid": "0",
  "count": "0",
  "pressed": "0",
  "machine_tags": "",
  "machine_id": "6c872d84e68c89c47981b95fda4134b5735302664fe14645ca85973a84da9884",
  "is_proximity_active": "0"
},{
  "timestamp": 208857.785364,
  "timestamp_epoch": 1632541660.628485,
  "event": "oculus_gamepad_stats",
  "pid": "0",
  "count": "0",
  "pressed": "0",
  "machine_tags": "",
  "machine_id": "6c872d84e68c89c47981b95fda4134b5735302664fe14645ca85973a84da9884",
  "is_proximity_active": "0"
},{
  "timestamp": 209457.972635,
  "timestamp_epoch": 1632542260.815756,
  "event": "oculus_gamepad_stats",
  "pid": "0",
  "count": "0",
  "pressed": "0",
  "machine_tags": "",
  "machine_id": "6c872d84e68c89c47981b95fda4134b5735302664fe14645ca85973a84da9884",
  "is_proximity_active": "0"
},{
  "timestamp": 210057.987587,
  "timestamp_epoch": 1632542860.830709,
  "event": "oculus_gamepad_stats",
  "pid": "0",
  "count": "0",
  "pressed": "0",
  "machine_tags": "",
  "machine_id": "6c872d84e68c89c47981b95fda4134b5735302664fe14645ca85973a84da9884",
  "is_proximity_active": "0"
},{
  "timestamp": 210658.659611,
  "timestamp_epoch": 1632543461.502733,
  "event": "oculus_gamepad_stats",
  "pid": "0",
  "count": "0",
  "pressed": "0",
  "machine_tags": "",
  "machine_id": "6c872d84e68c89c47981b95fda4134b5735302664fe14645ca85973a84da9884",
  "is_proximity_active": "0"
},{
  "timestamp": 211258.991337,
  "timestamp_epoch": 1632544061.834457,
  "event": "oculus_gamepad_stats",
  "pid": "0",
  "count": "0",
  "pressed": "0",
  "machine_tags": "",
  "machine_id": "6c872d84e68c89c47981b95fda4134b5735302664fe14645ca85973a84da9884",
  "is_proximity_active": "0"
},{
  "timestamp": 211859.251727,
  "timestamp_epoch": 1632544662.094843,
  "event": "oculus_gamepad_stats",
  "pid": "0",
  "count": "0",
  "pressed": "0",
  "machine_tags": "",
  "machine_id": "6c872d84e68c89c47981b95fda4134b5735302664fe14645ca85973a84da9884",
  "is_proximity_active": "0"
},{
  "timestamp": 212459.424945,
  "timestamp_epoch": 1632545262.268067,
  "event": "oculus_gamepad_stats",
  "pid": "0",
  "count": "0",
  "pressed": "0",
  "machine_tags": "",
  "machine_id": "6c872d84e68c89c47981b95fda4134b5735302664fe14645ca85973a84da9884",
  "is_proximity_active": "0"
},{
  "timestamp": 213059.575994,
  "timestamp_epoch": 1632545862.419116,
  "event": "oculus_gamepad_stats",
  "pid": "0",
  "count": "0",
  "pressed": "0",
  "machine_tags": "",
  "machine_id": "6c872d84e68c89c47981b95fda4134b5735302664fe14645ca85973a84da9884",
  "is_proximity_active": "0"
},{
  "timestamp": 213659.719007,
  "timestamp_epoch": 1632546462.562129,
  "event": "oculus_gamepad_stats",
  "pid": "0",
  "count": "0",
  "pressed": "0",
  "machine_tags": "",
  "machine_id": "6c872d84e68c89c47981b95fda4134b5735302664fe14645ca85973a84da9884",
  "is_proximity_active": "0"
},{
  "timestamp": 214260.205159,
  "timestamp_epoch": 1632547063.048280,
  "event": "oculus_gamepad_stats",
  "pid": "0",
  "count": "0",
  "pressed": "0",
  "machine_tags": "",
  "machine_id": "6c872d84e68c89c47981b95fda4134b5735302664fe14645ca85973a84da9884",
  "is_proximity_active": "0"
},{
  "timestamp": 214860.515599,
  "timestamp_epoch": 1632547663.358722,
  "event": "oculus_gamepad_stats",
  "pid": "0",
  "count": "0",
  "pressed": "0",
  "machine_tags": "",
  "machine_id": "6c872d84e68c89c47981b95fda4134b5735302664fe14645ca85973a84da9884",
  "is_proximity_active": "0"
},{
  "timestamp": 215460.713982,
  "timestamp_epoch": 1632548263.557101,
  "event": "oculus_gamepad_stats",
  "pid": "0",
  "count": "0",
  "pressed": "0",
  "machine_tags": "",
  "machine_id": "6c872d84e68c89c47981b95fda4134b5735302664fe14645ca85973a84da9884",
  "is_proximity_active": "0"
},{
  "timestamp": 216060.946617,
  "timestamp_epoch": 1632548863.789738,
  "event": "oculus_gamepad_stats",
  "pid": "0",
  "count": "0",
  "pressed": "0",
  "machine_tags": "",
  "machine_id": "6c872d84e68c89c47981b95fda4134b5735302664fe14645ca85973a84da9884",
  "is_proximity_active": "0"
},{
  "timestamp": 216661.207750,
  "timestamp_epoch": 1632549464.050868,
  "event": "oculus_gamepad_stats",
  "pid": "0",
  "count": "0",
  "pressed": "0",
  "machine_tags": "",
  "machine_id": "6c872d84e68c89c47981b95fda4134b5735302664fe14645ca85973a84da9884",
  "is_proximity_active": "0"
},{
  "timestamp": 216940.574526,
  "timestamp_epoch": 1632549743.417628,
  "session_id": 70000,
  "event": "oculus_app_connect",
  "platform_app_id": "1438194916201007",
  "platform_app_version_code": 1630366395,
  "other_vr_app": 0,
  "platform_app": 1,
  "platform_app_version": "33.0.0.28.194",
  "platform_app_name": "oculus-dash",
  "process_id": 20236,
  "debugger": 0,
  "compiler_ver": 191627031,
  "oculus_dll_version": "1.1.65.0.0",
  "client_sdk_version": "1.1.55.0.0",
  "hmd_count": 1,
  "hmd_type": "HMD Rift CV1",
  "hmd_serial": "WMHD317D500RDH",
  "hmd_shutter": "RollingTopToBottom",
  "ltouch_serial": "WMTCL77D400NBU",
  "rtouch_serial": "",
  "engine_name": "",
  "engine_version": "",
  "engine_plugin_name": "",
  "engine_plugin_version": "",
  "engine_editor": 0,
  "ihv_direct_mode": true,
  "overall_compat": "PASS",
  "cpu_names": "AMD Ryzen 5 2600 Six-Core Processor            ",
  "cpu_cores": "6",
  "cpu_compat": "PASS",
  "gpu_names": "AMD Radeon RX 580",
  "gpu_whitelist_names": "Radeon RX 590 ",
  "gpu_vram": "8192",
  "gpu_driver": "27.20.21002.112",
  "gpu_compat": "PASS",
  "gpu_pid": "26591",
  "gpu_vid": "4098",
  "gpu_revid": "231",
  "gpu_subsys_vid": "0",
  "gpu_hybrid_result": "Success",
  "gpu_driver_compatible": "1",
  "gpu_pass_hybrid_check": "1",
  "gpu_vulkan_capable": "1",
  "gpu_rec_spec_performance_flags": "2",
  "system_memory": "16316",
  "system_memory_compat": "PASS",
  "os": "Windows 10 64-bit",
  "os_version": "8",
  "os_major": "10",
  "os_minor": "0",
  "os_build": "19042",
  "os_compat": "PASS",
  "usb_compat": "PASS",
  "machine_tags": "",
  "machine_id": "6c872d84e68c89c47981b95fda4134b5735302664fe14645ca85973a84da9884",
  "hmd_graphics_adapter_desc": "AMD Radeon RX 580",
  "hmd_graphics_adapter_vid": "4098",
  "hmd_graphics_adapter_pid": "26591",
  "hmd_graphics_adapter_vram_mib": "8192",
  "hmd_graphics_adapter_driver": "27.20.0.112",
  "hmd_display_system": "Direct Display",
  "hmd_display_connector_type": "unknown",
  "hmd_display_dongle_type": "none",
  "motherboard_product": "B450 Gaming-ITX/ac",
  "motherboard_manufacturer": "ASRock",
  "motherboard_serial": "M80-B7015300176",
  "motherboard_version": "                      ",
  "is_proximity_active": "0"
},{
  "timestamp": 216948.032531,
  "timestamp_epoch": 1632549750.875591,
  "event": "oculus_spud_status",
  "spud_status": "SPUD disabled: file not found",
  "hmd_serial": "WMHD317D500RDH",
  "panel_serial_0": "TJ35106H1PC6R6",
  "panel_serial_1": "TJ35106G1LTU00"
},{
  "timestamp": 216987.708213,
  "timestamp_epoch": 1632549790.551322,
  "event": "oculus_pcsdk_api_metrics",
  "pid": "0",
  "app_id": "1438194916201007",
  "app_name": "oculus-dash",
  "is_64_bit_client": "True",
  "ovr_Initialize-call_count_no_focus": "1",
  "ovr_Initialize-max_latency_no_focus": "371250400",
  "ovr_Initialize-avg_latency_no_focus": "371250400",
  "ovr_Shutdown-call_count_no_focus": "1",
  "ovr_GetHmdDesc-call_count_no_focus": "2",
  "ovr_GetHmdDesc-max_latency_no_focus": "124400",
  "ovr_GetHmdDesc-avg_latency_no_focus": "62200",
  "ovr_Create-call_count_no_focus": "1",
  "ovr_Create-max_latency_no_focus": "19358900",
  "ovr_Create-avg_latency_no_focus": "19358900",
  "ovr_GetSessionStatus-call_count_no_focus": "1156",
  "ovr_GetSessionStatus-max_latency_no_focus": "32800",
  "ovr_GetSessionStatus-avg_latency_no_focus": "28",
  "ovr_SetTrackingOriginType-call_count_no_focus": "1",
  "ovr_SetTrackingOriginType-max_latency_no_focus": "3700",
  "ovr_SetTrackingOriginType-avg_latency_no_focus": "3700",
  "ovr_GetFovTextureSize-call_count_no_focus": "2",
  "ovr_GetFovTextureSize-max_latency_no_focus": "35000",
  "ovr_GetFovTextureSize-avg_latency_no_focus": "17500",
  "ovr_GetRenderDesc-call_count_no_focus": "2",
  "ovr_GetRenderDesc-max_latency_no_focus": "11700",
  "ovr_GetRenderDesc-avg_latency_no_focus": "5850",
  "ovr_GetTextureSwapChainLength-call_count_no_focus": "3",
  "ovr_GetTextureSwapChainLength-max_latency_no_focus": "15600",
  "ovr_GetTextureSwapChainLength-avg_latency_no_focus": "5200",
  "ovr_GetTextureSwapChainCurrentIndex-call_count_no_focus": "2",
  "ovr_GetTextureSwapChainCurrentIndex-max_latency_no_focus": "5900",
  "ovr_GetTextureSwapChainCurrentIndex-avg_latency_no_focus": "2950",
  "ovr_GetTextureSwapChainDesc-call_count_no_focus": "9",
  "ovr_GetTextureSwapChainDesc-max_latency_no_focus": "200",
  "ovr_GetTextureSwapChainDesc-avg_latency_no_focus": "22",
  "ovr_CommitTextureSwapChain-call_count_no_focus": "1",
  "ovr_CommitTextureSwapChain-max_latency_no_focus": "700",
  "ovr_CommitTextureSwapChain-avg_latency_no_focus": "700",
  "ovr_DestroyTextureSwapChain-call_count_no_focus": "3",
  "ovr_DestroyTextureSwapChain-max_latency_no_focus": "5564600",
  "ovr_DestroyTextureSwapChain-avg_latency_no_focus": "1854866",
  "ovr_GetAudioDeviceOutGuid-call_count_no_focus": "1",
  "ovr_GetAudioDeviceOutGuid-max_latency_no_focus": "2200",
  "ovr_GetAudioDeviceOutGuid-avg_latency_no_focus": "2200",
  "ovr_GetAudioDeviceInGuid-call_count_no_focus": "1",
  "ovr_GetAudioDeviceInGuid-max_latency_no_focus": "800",
  "ovr_GetAudioDeviceInGuid-avg_latency_no_focus": "800",
  "ovr_GetInstanceExtensionsVk-call_count_no_focus": "1",
  "ovr_GetInstanceExtensionsVk-max_latency_no_focus": "11300",
  "ovr_GetInstanceExtensionsVk-avg_latency_no_focus": "11300",
  "ovr_GetDeviceExtensionsVk-call_count_no_focus": "1",
  "ovr_GetDeviceExtensionsVk-max_latency_no_focus": "171900",
  "ovr_GetDeviceExtensionsVk-avg_latency_no_focus": "171900",
  "ovr_GetSessionPhysicalDeviceVk-call_count_no_focus": "1",
  "ovr_GetSessionPhysicalDeviceVk-max_latency_no_focus": "1897100",
  "ovr_GetSessionPhysicalDeviceVk-avg_latency_no_focus": "1897100",
  "ovr_SetSynchronizationQueueVk-call_count_no_focus": "1",
  "ovr_SetSynchronizationQueueVk-max_latency_no_focus": "20400",
  "ovr_SetSynchronizationQueueVk-avg_latency_no_focus": "20400",
  "ovr_CreateTextureSwapChainVk-call_count_no_focus": "3",
  "ovr_CreateTextureSwapChainVk-max_latency_no_focus": "5204981700",
  "ovr_CreateTextureSwapChainVk-avg_latency_no_focus": "1734993900",
  "ovr_GetTextureSwapChainBufferVk-call_count_no_focus": "9",
  "ovr_GetTextureSwapChainBufferVk-max_latency_no_focus": "1200",
  "ovr_GetTextureSwapChainBufferVk-avg_latency_no_focus": "133",
  "ovri_EnablePrivateInputStateAccess-call_count_no_focus": "1",
  "ovri_EnablePrivateInputStateAccess-max_latency_no_focus": "100",
  "ovri_EnablePrivateInputStateAccess-avg_latency_no_focus": "100",
  "ovri_TouchInjection-call_count_no_focus": "1",
  "ovri_TouchInjection-max_latency_no_focus": "51600",
  "ovri_TouchInjection-avg_latency_no_focus": "51600",
  "ovri_GetKeyboardStateData-call_count_no_focus": "1",
  "ovri_GetKeyboardStateData-max_latency_no_focus": "20600",
  "ovri_GetKeyboardStateData-avg_latency_no_focus": "20600",
  "ovri_SetAppOverlayColor-call_count_no_focus": "3",
  "ovri_SetAppOverlayColor-max_latency_no_focus": "37300",
  "ovri_SetAppOverlayColor-avg_latency_no_focus": "12433",
  "highest_call_count-name": "ovr_GetSessionStatus",
  "highest_call_count": "1156",
  "highest_max_latency-name": "ovr_CreateTextureSwapChainVk",
  "highest_max_latency": "5204981700",
  "highest_avg_latency-name": "ovr_CreateTextureSwapChainVk",
  "highest_avg_latency": "1734993900",
  "machine_tags": "",
  "machine_id": "6c872d84e68c89c47981b95fda4134b5735302664fe14645ca85973a84da9884",
  "is_proximity_active": "0"
},{
  "timestamp": 216987.716429,
  "timestamp_epoch": 1632549790.559544,
  "event": "oculus_error",
  "name": "ovrError_ClientSkippedDestroy",
  "occurrences": 1,
  "process_id": 0,
  "type": 0,
  "code": -1012,
  "system_code": 0,
  "soft_error": 1,
  "desc": "Client crashed or called ovr_Shutdown before ovr_Destroy.",
  "truncated_desc": 0,
  "overall_compat": "PASS",
  "cpu_names": "AMD Ryzen 5 2600 Six-Core Processor            ",
  "cpu_cores": "6",
  "cpu_compat": "PASS",
  "gpu_names": "AMD Radeon RX 580",
  "gpu_whitelist_names": "Radeon RX 590 ",
  "gpu_vram": "8192",
  "gpu_driver": "27.20.21002.112",
  "gpu_compat": "PASS",
  "gpu_pid": "26591",
  "gpu_vid": "4098",
  "gpu_revid": "231",
  "gpu_subsys_vid": "0",
  "gpu_hybrid_result": "Success",
  "gpu_driver_compatible": "1",
  "gpu_pass_hybrid_check": "1",
  "gpu_vulkan_capable": "1",
  "gpu_rec_spec_performance_flags": "2",
  "system_memory": "16316",
  "system_memory_compat": "PASS",
  "os": "Windows 10 64-bit",
  "os_version": "8",
  "os_major": "10",
  "os_minor": "0",
  "os_build": "19042",
  "os_compat": "PASS",
  "usb_compat": "PASS",
  "machine_tags": "",
  "machine_id": "6c872d84e68c89c47981b95fda4134b5735302664fe14645ca85973a84da9884",
  "hmd_graphics_adapter_desc": "AMD Radeon RX 580",
  "hmd_graphics_adapter_vid": "4098",
  "hmd_graphics_adapter_pid": "26591",
  "hmd_graphics_adapter_vram_mib": "8192",
  "hmd_graphics_adapter_driver": "27.20.0.112",
  "hmd_display_system": "Direct Display",
  "hmd_display_connector_type": "unknown",
  "hmd_display_dongle_type": "none",
  "motherboard_product": "B450 Gaming-ITX/ac",
  "motherboard_manufacturer": "ASRock",
  "motherboard_serial": "M80-B7015300176",
  "motherboard_version": "                      ",
  "is_proximity_active": "0"
},{
  "timestamp": 217001.725405,
  "timestamp_epoch": 1632549804.568520,
  "session_id": 70001,
  "event": "oculus_app_connect",
  "platform_app_id": "1438194916201007",
  "platform_app_version_code": 1630366395,
  "other_vr_app": 0,
  "platform_app": 1,
  "platform_app_version": "33.0.0.28.194",
  "platform_app_name": "oculus-dash",
  "process_id": 8720,
  "debugger": 0,
  "compiler_ver": 191627031,
  "oculus_dll_version": "1.1.65.0.0",
  "client_sdk_version": "1.1.55.0.0",
  "hmd_count": 1,
  "hmd_type": "HMD Rift CV1",
  "hmd_serial": "WMHD317D500RDH",
  "hmd_shutter": "RollingTopToBottom",
  "ltouch_serial": "WMTCL77D400NBU",
  "rtouch_serial": "",
  "engine_name": "",
  "engine_version": "",
  "engine_plugin_name": "",
  "engine_plugin_version": "",
  "engine_editor": 0,
  "ihv_direct_mode": true,
  "overall_compat": "PASS",
  "cpu_names": "AMD Ryzen 5 2600 Six-Core Processor            ",
  "cpu_cores": "6",
  "cpu_compat": "PASS",
  "gpu_names": "AMD Radeon RX 580",
  "gpu_whitelist_names": "Radeon RX 590 ",
  "gpu_vram": "8192",
  "gpu_driver": "27.20.21002.112",
  "gpu_compat": "PASS",
  "gpu_pid": "26591",
  "gpu_vid": "4098",
  "gpu_revid": "231",
  "gpu_subsys_vid": "0",
  "gpu_hybrid_result": "Success",
  "gpu_driver_compatible": "1",
  "gpu_pass_hybrid_check": "1",
  "gpu_vulkan_capable": "1",
  "gpu_rec_spec_performance_flags": "2",
  "system_memory": "16316",
  "system_memory_compat": "PASS",
  "os": "Windows 10 64-bit",
  "os_version": "8",
  "os_major": "10",
  "os_minor": "0",
  "os_build": "19042",
  "os_compat": "PASS",
  "usb_compat": "PASS",
  "machine_tags": "",
  "machine_id": "6c872d84e68c89c47981b95fda4134b5735302664fe14645ca85973a84da9884",
  "hmd_graphics_adapter_desc": "AMD Radeon RX 580",
  "hmd_graphics_adapter_vid": "4098",
  "hmd_graphics_adapter_pid": "26591",
  "hmd_graphics_adapter_vram_mib": "8192",
  "hmd_graphics_adapter_driver": "27.20.0.112",
  "hmd_display_system": "Direct Display",
  "hmd_display_connector_type": "unknown",
  "hmd_display_dongle_type": "none",
  "motherboard_product": "B450 Gaming-ITX/ac",
  "motherboard_manufacturer": "ASRock",
  "motherboard_serial": "M80-B7015300176",
  "motherboard_version": "                      ",
  "is_proximity_active": "0"
},{
  "timestamp": 217007.304368,
  "timestamp_epoch": 1632549810.147488,
  "event": "oculus_spud_status",
  "spud_status": "SPUD disabled: file not found",
  "hmd_serial": "WMHD317D500RDH",
  "panel_serial_0": "TJ35106H1PC6R6",
  "panel_serial_1": "TJ35106G1LTU00"
},{
  "timestamp": 217261.123199,
  "timestamp_epoch": 1632550063.966320,
  "event": "oculus_gamepad_stats",
  "pid": "0",
  "count": "0",
  "pressed": "0",
  "machine_tags": "",
  "machine_id": "6c872d84e68c89c47981b95fda4134b5735302664fe14645ca85973a84da9884",
  "is_proximity_active": "0"
},{
  "timestamp": 217861.356877,
  "timestamp_epoch": 1632550664.199998,
  "event": "oculus_gamepad_stats",
  "pid": "0",
  "count": "0",
  "pressed": "0",
  "machine_tags": "",
  "machine_id": "6c872d84e68c89c47981b95fda4134b5735302664fe14645ca85973a84da9884",
  "is_proximity_active": "0"
},{
  "timestamp": 217892.402400,
  "timestamp_epoch": 1632550695.245520,
  "event": "oculus_pcsdk_api_metrics",
  "pid": "0",
  "app_id": "1577286108957239",
  "app_name": "oculus-platform-runtime",
  "is_64_bit_client": "True",
  "ovr_Initialize-call_count_no_focus": "1",
  "ovr_Initialize-max_latency_no_focus": "202288300",
  "ovr_Initialize-avg_latency_no_focus": "202288300",
  "highest_call_count-name": "ovr_Initialize",
  "highest_call_count": "1",
  "highest_max_latency-name": "ovr_Initialize",
  "highest_max_latency": "202288300",
  "highest_avg_latency-name": "",
  "highest_avg_latency": "0",
  "machine_tags": "",
  "machine_id": "6c872d84e68c89c47981b95fda4134b5735302664fe14645ca85973a84da9884",
  "is_proximity_active": "0"
},{
  "timestamp": 217892.402697,
  "timestamp_epoch": 1632550695.245816,
  "event": "oculus_pcsdk_api_metrics",
  "pid": "0",
  "app_id": "1438194916201007",
  "app_name": "oculus-dash",
  "is_64_bit_client": "True",
  "ovr_Initialize-call_count_no_focus": "1",
  "ovr_Initialize-max_latency_no_focus": "253100300",
  "ovr_Initialize-avg_latency_no_focus": "253100300",
  "ovr_GetHmdDesc-call_count_no_focus": "2",
  "ovr_GetHmdDesc-max_latency_no_focus": "141400",
  "ovr_GetHmdDesc-avg_latency_no_focus": "70700",
  "ovr_Create-call_count_no_focus": "1",
  "ovr_Create-max_latency_no_focus": "13700800",
  "ovr_Create-avg_latency_no_focus": "13700800",
  "ovr_GetSessionStatus-call_count_no_focus": "26021",
  "ovr_GetSessionStatus-max_latency_no_focus": "72700",
  "ovr_GetSessionStatus-avg_latency_no_focus": "2",
  "ovr_SetTrackingOriginType-call_count_no_focus": "1",
  "ovr_SetTrackingOriginType-max_latency_no_focus": "4200",
  "ovr_SetTrackingOriginType-avg_latency_no_focus": "4200",
  "ovr_GetFovTextureSize-call_count_no_focus": "2",
  "ovr_GetFovTextureSize-max_latency_no_focus": "32600",
  "ovr_GetFovTextureSize-avg_latency_no_focus": "16300",
  "ovr_GetRenderDesc-call_count_no_focus": "2",
  "ovr_GetRenderDesc-max_latency_no_focus": "4000",
  "ovr_GetRenderDesc-avg_latency_no_focus": "2000",
  "ovr_GetTextureSwapChainLength-call_count_no_focus": "3",
  "ovr_GetTextureSwapChainLength-max_latency_no_focus": "1800",
  "ovr_GetTextureSwapChainLength-avg_latency_no_focus": "600",
  "ovr_GetTextureSwapChainCurrentIndex-call_count_no_focus": "2",
  "ovr_GetTextureSwapChainCurrentIndex-max_latency_no_focus": "2300",
  "ovr_GetTextureSwapChainCurrentIndex-avg_latency_no_focus": "1150",
  "ovr_GetTextureSwapChainDesc-call_count_no_focus": "9",
  "ovr_GetTextureSwapChainDesc-max_latency_no_focus": "200",
  "ovr_GetTextureSwapChainDesc-avg_latency_no_focus": "22",
  "ovr_CommitTextureSwapChain-call_count_no_focus": "1",
  "ovr_CommitTextureSwapChain-max_latency_no_focus": "500",
  "ovr_CommitTextureSwapChain-avg_latency_no_focus": "500",
  "ovr_GetAudioDeviceOutGuid-call_count_no_focus": "1",
  "ovr_GetAudioDeviceOutGuid-max_latency_no_focus": "2000",
  "ovr_GetAudioDeviceOutGuid-avg_latency_no_focus": "2000",
  "ovr_GetAudioDeviceInGuid-call_count_no_focus": "1",
  "ovr_GetAudioDeviceInGuid-max_latency_no_focus": "800",
  "ovr_GetAudioDeviceInGuid-avg_latency_no_focus": "800",
  "ovr_GetInstanceExtensionsVk-call_count_no_focus": "1",
  "ovr_GetInstanceExtensionsVk-max_latency_no_focus": "3800",
  "ovr_GetInstanceExtensionsVk-avg_latency_no_focus": "3800",
  "ovr_GetDeviceExtensionsVk-call_count_no_focus": "1",
  "ovr_GetDeviceExtensionsVk-max_latency_no_focus": "287000",
  "ovr_GetDeviceExtensionsVk-avg_latency_no_focus": "287000",
  "ovr_GetSessionPhysicalDeviceVk-call_count_no_focus": "1",
  "ovr_GetSessionPhysicalDeviceVk-max_latency_no_focus": "1598900",
  "ovr_GetSessionPhysicalDeviceVk-avg_latency_no_focus": "1598900",
  "ovr_SetSynchronizationQueueVk-call_count_no_focus": "1",
  "ovr_SetSynchronizationQueueVk-max_latency_no_focus": "8400",
  "ovr_SetSynchronizationQueueVk-avg_latency_no_focus": "8400",
  "ovr_CreateTextureSwapChainVk-call_count_no_focus": "3",
  "ovr_CreateTextureSwapChainVk-max_latency_no_focus": "4608115000",
  "ovr_CreateTextureSwapChainVk-avg_latency_no_focus": "1536038333",
  "ovr_GetTextureSwapChainBufferVk-call_count_no_focus": "9",
  "ovr_GetTextureSwapChainBufferVk-max_latency_no_focus": "900",
  "ovr_GetTextureSwapChainBufferVk-avg_latency_no_focus": "100",
  "ovri_EnablePrivateInputStateAccess-call_count_no_focus": "1",
  "ovri_EnablePrivateInputStateAccess-max_latency_no_focus": "200",
  "ovri_EnablePrivateInputStateAccess-avg_latency_no_focus": "200",
  "ovri_TouchInjection-call_count_no_focus": "1",
  "ovri_TouchInjection-max_latency_no_focus": "36600",
  "ovri_TouchInjection-avg_latency_no_focus": "36600",
  "ovri_GetKeyboardStateData-call_count_no_focus": "1",
  "ovri_GetKeyboardStateData-max_latency_no_focus": "18000",
  "ovri_GetKeyboardStateData-avg_latency_no_focus": "18000",
  "ovri_SetAppOverlayColor-call_count_no_focus": "2",
  "ovri_SetAppOverlayColor-max_latency_no_focus": "26400",
  "ovri_SetAppOverlayColor-avg_latency_no_focus": "13200",
  "highest_call_count-name": "ovr_GetSessionStatus",
  "highest_call_count": "26021",
  "highest_max_latency-name": "ovr_CreateTextureSwapChainVk",
  "highest_max_latency": "4608115000",
  "highest_avg_latency-name": "ovr_CreateTextureSwapChainVk",
  "highest_avg_latency": "1536038333",
  "machine_tags": "",
  "machine_id": "6c872d84e68c89c47981b95fda4134b5735302664fe14645ca85973a84da9884",
  "is_proximity_active": "0"
}
]
