[{
  "timestamp": 143024.657389,
  "timestamp_epoch": 1632475829.599316,
  "event": "oculus_service_start",
  "service": "1.65.0",
  "display_diags_status": "Passed",
  "display_diags_status_value": 0,
  "display_diags_active_display_system": "None",
  "display_diags_dxgi2_preview_capable": 1,
  "display_diags_dxgi2_preview_available": 0,
  "display_diags_dxgi2_preview_code": -3019,
  "display_diags_dxgi2_preview_details": "Failed during detection of DXGI 2 Preview",
  "display_diags_direct_display_capable": 1,
  "display_diags_direct_display_available": 1,
  "display_diags_direct_display_code": 0,
  "display_diags_direct_display_details": "Direct Display available",
  "display_diags_ovr_direct_capable": 1,
  "display_diags_ovr_direct_available": 1,
  "display_diags_ovr_direct_code": 0,
  "display_diags_ovr_direct_details": "Debug Display available",
  "monitors": [
    {
      "horizontal_active_pixels": 3840,
      "vertical_active_pixels": 2160,
      "horizontal_image_size_mm": 1872,
      "vertical_image_size_mm": 1053
    }
  ],
  "computer_type": "desktop",
  "hardware": {
    "Version": "1.0.0 (Custom Build)",
    "Timestamp": 1632475829,
    "Timestamp_str": "Fri Sep 24 02:30:29 2021 Pacific Daylight Time",
    "OverallResult": 0,
    "OverallResult_str": "PASS",
    "CpuList": [
        {
            "Name": "AMD Ryzen 5 2600 Six-Core Processor            ",
            "Manufacturer": "AuthenticAMD",
            "Level": 23,
            "Model": 8,
            "Stepping": 2,
            "NumberOfCores": 6,
            "NumberOfLogicalProcessors": 12,
            "MaxFrequencyMhz": 3400,
            "Compatibility": 0,
            "Compatibility_str": "PASS",
            "CompatibilityReason": 0,
            "CompatibilityReason_str": "WHITELISTED"
        }
    ],
    "MatchedCpu": {
        "Name": "AMD Ryzen 5 2600 Six-Core Processor            ",
        "Manufacturer": "AuthenticAMD",
        "Level": 23,
        "Model": 8,
        "Stepping": 2,
        "NumberOfCores": 6,
        "NumberOfLogicalProcessors": 12,
        "MaxFrequencyMhz": 3400,
        "Compatibility": 0,
        "Compatibility_str": "PASS",
        "CompatibilityReason": 0,
        "CompatibilityReason_str": "WHITELISTED"
    },
    "CpuResult": 0,
    "CpuResult_str": "PASS",
    "CpuHelpUrl": "",
    "VideoCardList": [
        {
            "Name": "AMD Radeon RX 580",
            "WhitelistName": "Radeon RX 590 ",
            "DriverVersion": "27.20.21002.112",
            "LUID": "0x000000000000b98f",
            "VendorId": 4098,
            "ProductId": 26591,
            "SubsysVendorId": 0,
            "SubsysRevId": 231,
            "VRamMb": 8192,
            "HybridGraphicsStatus": "Success",
            "Compatibility": 0,
            "Compatibility_str": "PASS",
            "IsDriverCompatible": true,
            "PassHybridCheck": true,
            "VulkanCapable": true,
            "total_DVI_port_count": 1,
            "total_HDMI_port_count": 1,
            "total_generic_DisplayPort_port_count": 3,
            "total_internal_DisplayPort_port_count": 0,
            "total_external_DisplayPort_port_count": 0,
            "total_external_mini_DisplayPort_port_count": 0,
            "active_DVI_port_count": 0,
            "active_HDMI_port_count": 0,
            "active_generic_DisplayPort_port_count": 0,
            "active_internal_DisplayPort_port_count": 0,
            "active_external_DisplayPort_port_count": 0,
            "active_external_mini_DisplayPort_port_count": 0
        }
    ],
    "MatchedVideoCard": {
        "Name": "AMD Radeon RX 580",
        "WhitelistName": "Radeon RX 590 ",
        "DriverVersion": "27.20.21002.112",
        "LUID": "0x000000000000b98f",
        "VendorId": 4098,
        "ProductId": 26591,
        "SubsysVendorId": 0,
        "SubsysRevId": 231,
        "VRamMb": 8192,
        "HybridGraphicsStatus": "Success",
        "Compatibility": 0,
        "Compatibility_str": "PASS",
        "IsDriverCompatible": true,
        "PassHybridCheck": true,
        "VulkanCapable": true,
        "total_DVI_port_count": 1,
        "total_HDMI_port_count": 1,
        "total_generic_DisplayPort_port_count": 3,
        "total_internal_DisplayPort_port_count": 0,
        "total_external_DisplayPort_port_count": 0,
        "total_external_mini_DisplayPort_port_count": 0,
        "active_DVI_port_count": 0,
        "active_HDMI_port_count": 0,
        "active_generic_DisplayPort_port_count": 0,
        "active_internal_DisplayPort_port_count": 0,
        "active_external_DisplayPort_port_count": 0,
        "active_external_mini_DisplayPort_port_count": 0
    },
    "VideoCardResult": 0,
    "VideoCardResult_str": "PASS",
    "VideoCardHelpUrl": "",
    "RamMb": 16316,
    "RamResult": 0,
    "RamResult_str": "PASS",
    "RamHelpUrl": "",
    "Os": {
        "Name": "Windows 10 64-bit",
        "Is64bit": true,
        "IsServer": false,
        "Version": 8,
        "DetailedInfo": {
            "RtlGetVersion_Loaded": true,
            "RtlGetVersion_Succeeded": true,
            "MajorVersion": 10,
            "MinorVersion": 0,
            "BuildNumber": 19042
        }
    },
    "OsResult": 0,
    "OsResult_str": "PASS",
    "OsResultSpecific": 0,
    "OsResultSpecific_str": "PASS",
    "OsHelpUrl": "",
    "UsbControllerList": [
        {
            "Compatibility": 3,
            "Compatibility_str": "UNKNOWN_USB3",
            "Name": "AMD USB 3.0 eXtensible Host Controller - 1.0 (Microsoft)",
            "VendorId": 4130,
            "ProductId": 5215,
            "UsbMajorVersion": 3,
            "ProgIf": 48,
            "DriverDescription": "USB xHCI Compliant Host Controller",
            "DriverProvider": "Microsoft",
            "DriverVersion": "10.0.19041.1081",
            "MatchedRefernce": {
                "VendorId": -1,
                "ProductId": 0,
                "Os": "Unknown",
                "DriverProviderName": "",
                "DriverVersion": "0.0.0.0"
            }
        },
        {
            "Compatibility": 3,
            "Compatibility_str": "UNKNOWN_USB3",
            "Name": "AMD USB 3.10 eXtensible Host Controller - 1.10 (Microsoft)",
            "VendorId": 4130,
            "ProductId": 17365,
            "UsbMajorVersion": 3,
            "ProgIf": 48,
            "DriverDescription": "USB xHCI Compliant Host Controller",
            "DriverProvider": "Microsoft",
            "DriverVersion": "10.0.19041.1081",
            "MatchedRefernce": {
                "VendorId": -1,
                "ProductId": 0,
                "Os": "Unknown",
                "DriverProviderName": "",
                "DriverVersion": "0.0.0.0"
            }
        }
    ],
    "UsbResult": 0,
    "UsbResult_str": "PASS",
    "UsbResultSpecific": 0,
    "UsbResultSpecific_str": "PASS",
    "UsbMatchedController": {
        "Compatibility": 3,
        "Compatibility_str": "UNKNOWN_USB3",
        "Name": "AMD USB 3.0 eXtensible Host Controller - 1.0 (Microsoft)",
        "VendorId": 4130,
        "ProductId": 5215,
        "UsbMajorVersion": 3,
        "ProgIf": 48,
        "DriverDescription": "USB xHCI Compliant Host Controller",
        "DriverProvider": "Microsoft",
        "DriverVersion": "10.0.19041.1081",
        "MatchedRefernce": {
            "VendorId": -1,
            "ProductId": 0,
            "Os": "Unknown",
            "DriverProviderName": "",
            "DriverVersion": "0.0.0.0"
        }
    },
    "UsbHelpUrl": "",
    "InternalErrors": []
},
  "bsod": [
  ],
  "overall_compat": "PASS",
  "cpu_names": "AMD Ryzen 5 2600 Six-Core Processor            ",
  "cpu_cores": "6",
  "cpu_compat": "PASS",
  "gpu_names": "AMD Radeon RX 580",
  "gpu_whitelist_names": "Radeon RX 590 ",
  "gpu_vram": "8192",
  "gpu_driver": "27.20.21002.112",
  "gpu_compat": "PASS",
  "gpu_pid": "26591",
  "gpu_vid": "4098",
  "gpu_revid": "231",
  "gpu_subsys_vid": "0",
  "gpu_hybrid_result": "Success",
  "gpu_driver_compatible": "1",
  "gpu_pass_hybrid_check": "1",
  "gpu_vulkan_capable": "1",
  "gpu_rec_spec_performance_flags": "2",
  "system_memory": "16316",
  "system_memory_compat": "PASS",
  "os": "Windows 10 64-bit",
  "os_version": "8",
  "os_major": "10",
  "os_minor": "0",
  "os_build": "19042",
  "os_compat": "PASS",
  "usb_compat": "PASS",
  "machine_tags": "",
  "machine_id": "6c872d84e68c89c47981b95fda4134b5735302664fe14645ca85973a84da9884",
  "hmd_graphics_adapter_desc": "",
  "hmd_graphics_adapter_vid": "0",
  "hmd_graphics_adapter_pid": "0",
  "hmd_graphics_adapter_vram_mib": "0",
  "hmd_graphics_adapter_driver": "0.0.0.0",
  "hmd_display_system": "None",
  "hmd_display_connector_type": "",
  "hmd_display_dongle_type": "",
  "motherboard_product": "B450 Gaming-ITX/ac",
  "motherboard_manufacturer": "ASRock",
  "motherboard_serial": "M80-B7015300176",
  "motherboard_version": "                      ",
  "is_proximity_active": "0"
},{
  "timestamp": 143025.158770,
  "timestamp_epoch": 1632475830.100705,
  "event": "oculus_gamepad_stats",
  "pid": "0",
  "count": "0",
  "pressed": "0",
  "machine_tags": "",
  "machine_id": "6c872d84e68c89c47981b95fda4134b5735302664fe14645ca85973a84da9884",
  "is_proximity_active": "0"
},{
  "timestamp": 143025.158843,
  "timestamp_epoch": 1632475830.100783,
  "event": "oculus_x360emu_init",
  "pid": "0",
  "time_ms": "0.297200",
  "mode": "1",
  "operating_system": "10",
  "machine_tags": "",
  "machine_id": "6c872d84e68c89c47981b95fda4134b5735302664fe14645ca85973a84da9884",
  "is_proximity_active": "0"
},{
  "timestamp": 143025.158900,
  "timestamp_epoch": 1632475830.100840,
  "event": "oculus_controller_event",
  "pid": "0",
  "controller_type": "ltouch",
  "controller_event": "active",
  "machine_tags": "",
  "machine_id": "6c872d84e68c89c47981b95fda4134b5735302664fe14645ca85973a84da9884",
  "is_proximity_active": "0"
},{
  "timestamp": 143084.904483,
  "timestamp_epoch": 1632475889.846414,
  "event": "oculus_touch_calibrated_data",
  "pid": "0",
  "minutes": "0.015100",
  "serial_number": "WMTCL77D400NBU",
  "trigger_min": "1.000000",
  "trigger_max": "1.000000",
  "middlefinger_min": "1.000000",
  "middlefinger_max": "1.000000",
  "joystick_x_min": "0.000784",
  "joystick_x_max": "0.001597",
  "joystick_y_min": "-0.005665",
  "joystick_y_max": "-0.002675",
  "capsense_joystick_min": "0",
  "capsense_joystick_max": "0",
  "capsense_a_min": "0",
  "capsense_a_max": "289",
  "capsense_b_min": "0",
  "capsense_b_max": "22",
  "capsense_trigger_min": "0",
  "capsense_trigger_max": "0",
  "capsense_thumb_min": "0",
  "capsense_thumb_max": "0",
  "machine_tags": "",
  "machine_id": "6c872d84e68c89c47981b95fda4134b5735302664fe14645ca85973a84da9884",
  "is_proximity_active": "0"
},{
  "timestamp": 143618.686573,
  "timestamp_epoch": 1632476423.628507,
  "event": "oculus_gamepad_stats",
  "pid": "0",
  "count": "0",
  "pressed": "0",
  "machine_tags": "",
  "machine_id": "6c872d84e68c89c47981b95fda4134b5735302664fe14645ca85973a84da9884",
  "is_proximity_active": "0"
},{
  "timestamp": 144218.993035,
  "timestamp_epoch": 1632477023.934968,
  "event": "oculus_gamepad_stats",
  "pid": "0",
  "count": "0",
  "pressed": "0",
  "machine_tags": "",
  "machine_id": "6c872d84e68c89c47981b95fda4134b5735302664fe14645ca85973a84da9884",
  "is_proximity_active": "0"
},{
  "timestamp": 144819.313362,
  "timestamp_epoch": 1632477624.255296,
  "event": "oculus_gamepad_stats",
  "pid": "0",
  "count": "0",
  "pressed": "0",
  "machine_tags": "",
  "machine_id": "6c872d84e68c89c47981b95fda4134b5735302664fe14645ca85973a84da9884",
  "is_proximity_active": "0"
},{
  "timestamp": 145419.594024,
  "timestamp_epoch": 1632478224.535958,
  "event": "oculus_gamepad_stats",
  "pid": "0",
  "count": "0",
  "pressed": "0",
  "machine_tags": "",
  "machine_id": "6c872d84e68c89c47981b95fda4134b5735302664fe14645ca85973a84da9884",
  "is_proximity_active": "0"
}