[{
  "timestamp": 218101.122377,
  "timestamp_epoch": 1632550903.965491,
  "event": "oculus_service_start",
  "service": "1.65.0",
  "display_diags_status": "Passed",
  "display_diags_status_value": 0,
  "display_diags_active_display_system": "None",
  "display_diags_dxgi2_preview_capable": 1,
  "display_diags_dxgi2_preview_available": 0,
  "display_diags_dxgi2_preview_code": -3019,
  "display_diags_dxgi2_preview_details": "Failed during detection of DXGI 2 Preview",
  "display_diags_direct_display_capable": 1,
  "display_diags_direct_display_available": 1,
  "display_diags_direct_display_code": 0,
  "display_diags_direct_display_details": "Direct Display available",
  "display_diags_ovr_direct_capable": 1,
  "display_diags_ovr_direct_available": 1,
  "display_diags_ovr_direct_code": 0,
  "display_diags_ovr_direct_details": "Debug Display available",
  "monitors": [
    {
      "horizontal_active_pixels": 3840,
      "vertical_active_pixels": 2160,
      "horizontal_image_size_mm": 1872,
      "vertical_image_size_mm": 1053
    }
  ],
  "computer_type": "desktop",
  "hardware": {
    "Version": "1.0.0 (Custom Build)",
    "Timestamp": 1632550903,
    "Timestamp_str": "Fri Sep 24 23:21:43 2021 Pacific Daylight Time",
    "OverallResult": 0,
    "OverallResult_str": "PASS",
    "CpuList": [
        {
            "Name": "AMD Ryzen 5 2600 Six-Core Processor            ",
            "Manufacturer": "AuthenticAMD",
            "Level": 23,
            "Model": 8,
            "Stepping": 2,
            "NumberOfCores": 6,
            "NumberOfLogicalProcessors": 12,
            "MaxFrequencyMhz": 3400,
            "Compatibility": 0,
            "Compatibility_str": "PASS",
            "CompatibilityReason": 0,
            "CompatibilityReason_str": "WHITELISTED"
        }
    ],
    "MatchedCpu": {
        "Name": "AMD Ryzen 5 2600 Six-Core Processor            ",
        "Manufacturer": "AuthenticAMD",
        "Level": 23,
        "Model": 8,
        "Stepping": 2,
        "NumberOfCores": 6,
        "NumberOfLogicalProcessors": 12,
        "MaxFrequencyMhz": 3400,
        "Compatibility": 0,
        "Compatibility_str": "PASS",
        "CompatibilityReason": 0,
        "CompatibilityReason_str": "WHITELISTED"
    },
    "CpuResult": 0,
    "CpuResult_str": "PASS",
    "CpuHelpUrl": "",
    "VideoCardList": [
        {
            "Name": "AMD Radeon RX 580",
            "WhitelistName": "Radeon RX 590 ",
            "DriverVersion": "27.20.21002.112",
            "LUID": "0x000000000000b98f",
            "VendorId": 4098,
            "ProductId": 26591,
            "SubsysVendorId": 0,
            "SubsysRevId": 231,
            "VRamMb": 8192,
            "HybridGraphicsStatus": "Success",
            "Compatibility": 0,
            "Compatibility_str": "PASS",
            "IsDriverCompatible": true,
            "PassHybridCheck": true,
            "VulkanCapable": true,
            "total_DVI_port_count": 1,
            "total_HDMI_port_count": 1,
            "total_generic_DisplayPort_port_count": 3,
            "total_internal_DisplayPort_port_count": 0,
            "total_external_DisplayPort_port_count": 0,
            "total_external_mini_DisplayPort_port_count": 0,
            "active_DVI_port_count": 0,
            "active_HDMI_port_count": 0,
            "active_generic_DisplayPort_port_count": 0,
            "active_internal_DisplayPort_port_count": 0,
            "active_external_DisplayPort_port_count": 0,
            "active_external_mini_DisplayPort_port_count": 0
        }
    ],
    "MatchedVideoCard": {
        "Name": "AMD Radeon RX 580",
        "WhitelistName": "Radeon RX 590 ",
        "DriverVersion": "27.20.21002.112",
        "LUID": "0x000000000000b98f",
        "VendorId": 4098,
        "ProductId": 26591,
        "SubsysVendorId": 0,
        "SubsysRevId": 231,
        "VRamMb": 8192,
        "HybridGraphicsStatus": "Success",
        "Compatibility": 0,
        "Compatibility_str": "PASS",
        "IsDriverCompatible": true,
        "PassHybridCheck": true,
        "VulkanCapable": true,
        "total_DVI_port_count": 1,
        "total_HDMI_port_count": 1,
        "total_generic_DisplayPort_port_count": 3,
        "total_internal_DisplayPort_port_count": 0,
        "total_external_DisplayPort_port_count": 0,
        "total_external_mini_DisplayPort_port_count": 0,
        "active_DVI_port_count": 0,
        "active_HDMI_port_count": 0,
        "active_generic_DisplayPort_port_count": 0,
        "active_internal_DisplayPort_port_count": 0,
        "active_external_DisplayPort_port_count": 0,
        "active_external_mini_DisplayPort_port_count": 0
    },
    "VideoCardResult": 0,
    "VideoCardResult_str": "PASS",
    "VideoCardHelpUrl": "",
    "RamMb": 16316,
    "RamResult": 0,
    "RamResult_str": "PASS",
    "RamHelpUrl": "",
    "Os": {
        "Name": "Windows 10 64-bit",
        "Is64bit": true,
        "IsServer": false,
        "Version": 8,
        "DetailedInfo": {
            "RtlGetVersion_Loaded": true,
            "RtlGetVersion_Succeeded": true,
            "MajorVersion": 10,
            "MinorVersion": 0,
            "BuildNumber": 19042
        }
    },
    "OsResult": 0,
    "OsResult_str": "PASS",
    "OsResultSpecific": 0,
    "OsResultSpecific_str": "PASS",
    "OsHelpUrl": "",
    "UsbControllerList": [
        {
            "Compatibility": 3,
            "Compatibility_str": "UNKNOWN_USB3",
            "Name": "AMD USB 3.0 eXtensible Host Controller - 1.0 (Microsoft)",
            "VendorId": 4130,
            "ProductId": 5215,
            "UsbMajorVersion": 3,
            "ProgIf": 48,
            "DriverDescription": "USB xHCI Compliant Host Controller",
            "DriverProvider": "Microsoft",
            "DriverVersion": "10.0.19041.1081",
            "MatchedRefernce": {
                "VendorId": -1,
                "ProductId": 0,
                "Os": "Unknown",
                "DriverProviderName": "",
                "DriverVersion": "0.0.0.0"
            }
        },
        {
            "Compatibility": 3,
            "Compatibility_str": "UNKNOWN_USB3",
            "Name": "AMD USB 3.10 eXtensible Host Controller - 1.10 (Microsoft)",
            "VendorId": 4130,
            "ProductId": 17365,
            "UsbMajorVersion": 3,
            "ProgIf": 48,
            "DriverDescription": "USB xHCI Compliant Host Controller",
            "DriverProvider": "Microsoft",
            "DriverVersion": "10.0.19041.1081",
            "MatchedRefernce": {
                "VendorId": -1,
                "ProductId": 0,
                "Os": "Unknown",
                "DriverProviderName": "",
                "DriverVersion": "0.0.0.0"
            }
        }
    ],
    "UsbResult": 0,
    "UsbResult_str": "PASS",
    "UsbResultSpecific": 0,
    "UsbResultSpecific_str": "PASS",
    "UsbMatchedController": {
        "Compatibility": 3,
        "Compatibility_str": "UNKNOWN_USB3",
        "Name": "AMD USB 3.0 eXtensible Host Controller - 1.0 (Microsoft)",
        "VendorId": 4130,
        "ProductId": 5215,
        "UsbMajorVersion": 3,
        "ProgIf": 48,
        "DriverDescription": "USB xHCI Compliant Host Controller",
        "DriverProvider": "Microsoft",
        "DriverVersion": "10.0.19041.1081",
        "MatchedRefernce": {
            "VendorId": -1,
            "ProductId": 0,
            "Os": "Unknown",
            "DriverProviderName": "",
            "DriverVersion": "0.0.0.0"
        }
    },
    "UsbHelpUrl": "",
    "InternalErrors": []
},
  "bsod": [
  ],
  "overall_compat": "PASS",
  "cpu_names": "AMD Ryzen 5 2600 Six-Core Processor            ",
  "cpu_cores": "6",
  "cpu_compat": "PASS",
  "gpu_names": "AMD Radeon RX 580",
  "gpu_whitelist_names": "Radeon RX 590 ",
  "gpu_vram": "8192",
  "gpu_driver": "27.20.21002.112",
  "gpu_compat": "PASS",
  "gpu_pid": "26591",
  "gpu_vid": "4098",
  "gpu_revid": "231",
  "gpu_subsys_vid": "0",
  "gpu_hybrid_result": "Success",
  "gpu_driver_compatible": "1",
  "gpu_pass_hybrid_check": "1",
  "gpu_vulkan_capable": "1",
  "gpu_rec_spec_performance_flags": "2",
  "system_memory": "16316",
  "system_memory_compat": "PASS",
  "os": "Windows 10 64-bit",
  "os_version": "8",
  "os_major": "10",
  "os_minor": "0",
  "os_build": "19042",
  "os_compat": "PASS",
  "usb_compat": "PASS",
  "machine_tags": "",
  "machine_id": "6c872d84e68c89c47981b95fda4134b5735302664fe14645ca85973a84da9884",
  "hmd_graphics_adapter_desc": "",
  "hmd_graphics_adapter_vid": "0",
  "hmd_graphics_adapter_pid": "0",
  "hmd_graphics_adapter_vram_mib": "0",
  "hmd_graphics_adapter_driver": "0.0.0.0",
  "hmd_display_system": "None",
  "hmd_display_connector_type": "",
  "hmd_display_dongle_type": "",
  "motherboard_product": "B450 Gaming-ITX/ac",
  "motherboard_manufacturer": "ASRock",
  "motherboard_serial": "M80-B7015300176",
  "motherboard_version": "                      ",
  "is_proximity_active": "0"
},{
  "timestamp": 218101.628253,
  "timestamp_epoch": 1632550904.471368,
  "event": "oculus_gamepad_stats",
  "pid": "0",
  "count": "0",
  "pressed": "0",
  "machine_tags": "",
  "machine_id": "6c872d84e68c89c47981b95fda4134b5735302664fe14645ca85973a84da9884",
  "is_proximity_active": "0"
},{
  "timestamp": 218101.628356,
  "timestamp_epoch": 1632550904.471480,
  "event": "oculus_x360emu_init",
  "pid": "0",
  "time_ms": "0.204200",
  "mode": "1",
  "operating_system": "10",
  "machine_tags": "",
  "machine_id": "6c872d84e68c89c47981b95fda4134b5735302664fe14645ca85973a84da9884",
  "is_proximity_active": "0"
},{
  "timestamp": 218102.633930,
  "timestamp_epoch": 1632550905.477051,
  "event": "oculus_controller_event",
  "pid": "0",
  "controller_type": "ltouch",
  "controller_event": "active",
  "machine_tags": "",
  "machine_id": "6c872d84e68c89c47981b95fda4134b5735302664fe14645ca85973a84da9884",
  "is_proximity_active": "0"
},{
  "timestamp": 218113.717702,
  "timestamp_epoch": 1632550916.560810,
  "session_id": 70000,
  "event": "oculus_app_connect",
  "platform_app_id": "1438194916201007",
  "platform_app_version_code": 1630366395,
  "other_vr_app": 0,
  "platform_app": 1,
  "platform_app_version": "33.0.0.28.194",
  "platform_app_name": "oculus-dash",
  "process_id": 8524,
  "debugger": 0,
  "compiler_ver": 191627031,
  "oculus_dll_version": "1.1.65.0.0",
  "client_sdk_version": "1.1.55.0.0",
  "hmd_count": 1,
  "hmd_type": "HMD Rift CV1",
  "hmd_serial": "WMHD317D500RDH",
  "hmd_shutter": "RollingTopToBottom",
  "ltouch_serial": "WMTCL77D400NBU",
  "rtouch_serial": "",
  "engine_name": "",
  "engine_version": "",
  "engine_plugin_name": "",
  "engine_plugin_version": "",
  "engine_editor": 0,
  "ihv_direct_mode": true,
  "overall_compat": "PASS",
  "cpu_names": "AMD Ryzen 5 2600 Six-Core Processor            ",
  "cpu_cores": "6",
  "cpu_compat": "PASS",
  "gpu_names": "AMD Radeon RX 580",
  "gpu_whitelist_names": "Radeon RX 590 ",
  "gpu_vram": "8192",
  "gpu_driver": "27.20.21002.112",
  "gpu_compat": "PASS",
  "gpu_pid": "26591",
  "gpu_vid": "4098",
  "gpu_revid": "231",
  "gpu_subsys_vid": "0",
  "gpu_hybrid_result": "Success",
  "gpu_driver_compatible": "1",
  "gpu_pass_hybrid_check": "1",
  "gpu_vulkan_capable": "1",
  "gpu_rec_spec_performance_flags": "2",
  "system_memory": "16316",
  "system_memory_compat": "PASS",
  "os": "Windows 10 64-bit",
  "os_version": "8",
  "os_major": "10",
  "os_minor": "0",
  "os_build": "19042",
  "os_compat": "PASS",
  "usb_compat": "PASS",
  "machine_tags": "",
  "machine_id": "6c872d84e68c89c47981b95fda4134b5735302664fe14645ca85973a84da9884",
  "hmd_graphics_adapter_desc": "AMD Radeon RX 580",
  "hmd_graphics_adapter_vid": "4098",
  "hmd_graphics_adapter_pid": "26591",
  "hmd_graphics_adapter_vram_mib": "8192",
  "hmd_graphics_adapter_driver": "27.20.0.112",
  "hmd_display_system": "Direct Display",
  "hmd_display_connector_type": "unknown",
  "hmd_display_dongle_type": "none",
  "motherboard_product": "B450 Gaming-ITX/ac",
  "motherboard_manufacturer": "ASRock",
  "motherboard_serial": "M80-B7015300176",
  "motherboard_version": "                      ",
  "is_proximity_active": "0"
},{
  "timestamp": 218119.687208,
  "timestamp_epoch": 1632550922.530323,
  "event": "oculus_spud_status",
  "spud_status": "SPUD disabled: file not found",
  "hmd_serial": "WMHD317D500RDH",
  "panel_serial_0": "TJ35106H1PC6R6",
  "panel_serial_1": "TJ35106G1LTU00"
},{
  "timestamp": 218162.810619,
  "timestamp_epoch": 1632550965.653739,
  "event": "oculus_touch_calibrated_data",
  "pid": "0",
  "minutes": "0.009781",
  "serial_number": "WMTCL77D400NBU",
  "trigger_min": "1.000000",
  "trigger_max": "1.000000",
  "middlefinger_min": "1.000000",
  "middlefinger_max": "1.000000",
  "joystick_x_min": "0.000632",
  "joystick_x_max": "0.001354",
  "joystick_y_min": "-0.004457",
  "joystick_y_max": "-0.002158",
  "capsense_joystick_min": "0",
  "capsense_joystick_max": "0",
  "capsense_a_min": "276",
  "capsense_a_max": "293",
  "capsense_b_min": "0",
  "capsense_b_max": "36",
  "capsense_trigger_min": "0",
  "capsense_trigger_max": "0",
  "capsense_thumb_min": "0",
  "capsense_thumb_max": "0",
  "machine_tags": "",
  "machine_id": "6c872d84e68c89c47981b95fda4134b5735302664fe14645ca85973a84da9884",
  "is_proximity_active": "0"
},{
  "timestamp": 218279.125856,
  "timestamp_epoch": 1632551081.968963,
  "event": "oculus_pcsdk_api_metrics",
  "pid": "0",
  "app_id": "1438194916201007",
  "app_name": "oculus-dash",
  "is_64_bit_client": "True",
  "ovr_Initialize-call_count_no_focus": "1",
  "ovr_Initialize-max_latency_no_focus": "635989800",
  "ovr_Initialize-avg_latency_no_focus": "635989800",
  "ovr_Shutdown-call_count_no_focus": "1",
  "ovr_GetHmdDesc-call_count_no_focus": "2",
  "ovr_GetHmdDesc-max_latency_no_focus": "111100",
  "ovr_GetHmdDesc-avg_latency_no_focus": "55550",
  "ovr_Create-call_count_no_focus": "1",
  "ovr_Create-max_latency_no_focus": "12862900",
  "ovr_Create-avg_latency_no_focus": "12862900",
  "ovr_GetSessionStatus-call_count_no_focus": "4749",
  "ovr_GetSessionStatus-max_latency_no_focus": "58200",
  "ovr_GetSessionStatus-avg_latency_no_focus": "12",
  "ovr_SetTrackingOriginType-call_count_no_focus": "1",
  "ovr_SetTrackingOriginType-max_latency_no_focus": "3300",
  "ovr_SetTrackingOriginType-avg_latency_no_focus": "3300",
  "ovr_GetFovTextureSize-call_count_no_focus": "2",
  "ovr_GetFovTextureSize-max_latency_no_focus": "21400",
  "ovr_GetFovTextureSize-avg_latency_no_focus": "10700",
  "ovr_GetRenderDesc-call_count_no_focus": "2",
  "ovr_GetRenderDesc-max_latency_no_focus": "6100",
  "ovr_GetRenderDesc-avg_latency_no_focus": "3050",
  "ovr_GetTextureSwapChainLength-call_count_no_focus": "3",
  "ovr_GetTextureSwapChainLength-max_latency_no_focus": "1900",
  "ovr_GetTextureSwapChainLength-avg_latency_no_focus": "633",
  "ovr_GetTextureSwapChainCurrentIndex-call_count_no_focus": "2",
  "ovr_GetTextureSwapChainCurrentIndex-max_latency_no_focus": "2600",
  "ovr_GetTextureSwapChainCurrentIndex-avg_latency_no_focus": "1300",
  "ovr_GetTextureSwapChainDesc-call_count_no_focus": "9",
  "ovr_GetTextureSwapChainDesc-max_latency_no_focus": "200",
  "ovr_GetTextureSwapChainDesc-avg_latency_no_focus": "22",
  "ovr_CommitTextureSwapChain-call_count_no_focus": "1",
  "ovr_CommitTextureSwapChain-max_latency_no_focus": "500",
  "ovr_CommitTextureSwapChain-avg_latency_no_focus": "500",
  "ovr_DestroyTextureSwapChain-call_count_no_focus": "3",
  "ovr_DestroyTextureSwapChain-max_latency_no_focus": "4350100",
  "ovr_DestroyTextureSwapChain-avg_latency_no_focus": "1450033",
  "ovr_GetAudioDeviceOutGuid-call_count_no_focus": "1",
  "ovr_GetAudioDeviceOutGuid-max_latency_no_focus": "1600",
  "ovr_GetAudioDeviceOutGuid-avg_latency_no_focus": "1600",
  "ovr_GetAudioDeviceInGuid-call_count_no_focus": "1",
  "ovr_GetAudioDeviceInGuid-max_latency_no_focus": "600",
  "ovr_GetAudioDeviceInGuid-avg_latency_no_focus": "600",
  "ovr_GetInstanceExtensionsVk-call_count_no_focus": "1",
  "ovr_GetInstanceExtensionsVk-max_latency_no_focus": "4400",
  "ovr_GetInstanceExtensionsVk-avg_latency_no_focus": "4400",
  "ovr_GetDeviceExtensionsVk-call_count_no_focus": "1",
  "ovr_GetDeviceExtensionsVk-max_latency_no_focus": "275100",
  "ovr_GetDeviceExtensionsVk-avg_latency_no_focus": "275100",
  "ovr_GetSessionPhysicalDeviceVk-call_count_no_focus": "1",
  "ovr_GetSessionPhysicalDeviceVk-max_latency_no_focus": "1208000",
  "ovr_GetSessionPhysicalDeviceVk-avg_latency_no_focus": "1208000",
  "ovr_SetSynchronizationQueueVk-call_count_no_focus": "1",
  "ovr_SetSynchronizationQueueVk-max_latency_no_focus": "11200",
  "ovr_SetSynchronizationQueueVk-avg_latency_no_focus": "11200",
  "ovr_CreateTextureSwapChainVk-call_count_no_focus": "3",
  "ovr_CreateTextureSwapChainVk-max_latency_no_focus": "5057294200",
  "ovr_CreateTextureSwapChainVk-avg_latency_no_focus": "1685764733",
  "ovr_GetTextureSwapChainBufferVk-call_count_no_focus": "9",
  "ovr_GetTextureSwapChainBufferVk-max_latency_no_focus": "1100",
  "ovr_GetTextureSwapChainBufferVk-avg_latency_no_focus": "122",
  "ovri_EnablePrivateInputStateAccess-call_count_no_focus": "1",
  "ovri_EnablePrivateInputStateAccess-max_latency_no_focus": "200",
  "ovri_EnablePrivateInputStateAccess-avg_latency_no_focus": "200",
  "ovri_TouchInjection-call_count_no_focus": "1",
  "ovri_TouchInjection-max_latency_no_focus": "52000",
  "ovri_TouchInjection-avg_latency_no_focus": "52000",
  "ovri_GetKeyboardStateData-call_count_no_focus": "1",
  "ovri_GetKeyboardStateData-max_latency_no_focus": "27900",
  "ovri_GetKeyboardStateData-avg_latency_no_focus": "27900",
  "ovri_SetAppOverlayColor-call_count_no_focus": "3",
  "ovri_SetAppOverlayColor-max_latency_no_focus": "36000",
  "ovri_SetAppOverlayColor-avg_latency_no_focus": "12000",
  "highest_call_count-name": "ovr_GetSessionStatus",
  "highest_call_count": "4749",
  "highest_max_latency-name": "ovr_CreateTextureSwapChainVk",
  "highest_max_latency": "5057294200",
  "highest_avg_latency-name": "ovr_CreateTextureSwapChainVk",
  "highest_avg_latency": "1685764733",
  "machine_tags": "",
  "machine_id": "6c872d84e68c89c47981b95fda4134b5735302664fe14645ca85973a84da9884",
  "is_proximity_active": "0"
},{
  "timestamp": 218279.133160,
  "timestamp_epoch": 1632551081.976270,
  "event": "oculus_error",
  "name": "ovrError_ClientSkippedDestroy",
  "occurrences": 1,
  "process_id": 0,
  "type": 0,
  "code": -1012,
  "system_code": 0,
  "soft_error": 1,
  "desc": "Client crashed or called ovr_Shutdown before ovr_Destroy.",
  "truncated_desc": 0,
  "overall_compat": "PASS",
  "cpu_names": "AMD Ryzen 5 2600 Six-Core Processor            ",
  "cpu_cores": "6",
  "cpu_compat": "PASS",
  "gpu_names": "AMD Radeon RX 580",
  "gpu_whitelist_names": "Radeon RX 590 ",
  "gpu_vram": "8192",
  "gpu_driver": "27.20.21002.112",
  "gpu_compat": "PASS",
  "gpu_pid": "26591",
  "gpu_vid": "4098",
  "gpu_revid": "231",
  "gpu_subsys_vid": "0",
  "gpu_hybrid_result": "Success",
  "gpu_driver_compatible": "1",
  "gpu_pass_hybrid_check": "1",
  "gpu_vulkan_capable": "1",
  "gpu_rec_spec_performance_flags": "2",
  "system_memory": "16316",
  "system_memory_compat": "PASS",
  "os": "Windows 10 64-bit",
  "os_version": "8",
  "os_major": "10",
  "os_minor": "0",
  "os_build": "19042",
  "os_compat": "PASS",
  "usb_compat": "PASS",
  "machine_tags": "",
  "machine_id": "6c872d84e68c89c47981b95fda4134b5735302664fe14645ca85973a84da9884",
  "hmd_graphics_adapter_desc": "AMD Radeon RX 580",
  "hmd_graphics_adapter_vid": "4098",
  "hmd_graphics_adapter_pid": "26591",
  "hmd_graphics_adapter_vram_mib": "8192",
  "hmd_graphics_adapter_driver": "27.20.0.112",
  "hmd_display_system": "Direct Display",
  "hmd_display_connector_type": "unknown",
  "hmd_display_dongle_type": "none",
  "motherboard_product": "B450 Gaming-ITX/ac",
  "motherboard_manufacturer": "ASRock",
  "motherboard_serial": "M80-B7015300176",
  "motherboard_version": "                      ",
  "is_proximity_active": "0"
},{
  "timestamp": 218693.640573,
  "timestamp_epoch": 1632551496.483693,
  "event": "oculus_gamepad_stats",
  "pid": "0",
  "count": "0",
  "pressed": "0",
  "machine_tags": "",
  "machine_id": "6c872d84e68c89c47981b95fda4134b5735302664fe14645ca85973a84da9884",
  "is_proximity_active": "0"
}