{"devices":[{"batteryState":"unknown","configurationState":"configured","connectionState":"connected","firmware":{"latestVersion":"178/e9c7e04064ed1bd7a089e738b638b4c8467aa843-DIRTY","updateProgress":-1.0,"updateState":"initial","version":"178/e9c7e04064ed1bd7a089","versionState":"latest"},"guardianSupportMode":"unknown","headsetOSBuild":0,"headsetOSUpdateRecommended":false,"headsetRequiresNewerService":false,"headsetSupportsFirmwareUpgrade":false,"id":"WMTD307D500F2H","isUsingAirLink":false,"lastSeenAt":1632550915,"operationalState":"operable","passthroughSupportType":"unknown","powerState":"active","primaryState":"unknown","problems":[],"serialNumber":"WMTD307D500F2H","subtype":"unknown","trackingType":"inside_out","type":"sensor","usbConnection":{"driverProvider":"Microsoft","driverVersion":"10.0.19041.1081","expectedDriverProvider":"","expectedDriverVersion":"","isBlacklisted":false,"isDriverOutdated":false,"isWrongDriverProvider":false,"mode":"usb3","recommendedMode":"usb3","requiredMode":"usb2","usbProductId":5215,"usbVendorId":4130,"usbVendorName":""},"visibility":{"headset":false,"ltouch":false,"rtouch":false},"xrsClientBuild":0},{"batteryState":"unknown","configurationState":"configured","connectionState":"connected","firmware":{"latestVersion":"178/e9c7e04064ed1bd7a089e738b638b4c8467aa843-DIRTY","updateProgress":-1.0,"updateState":"initial","version":"178/e9c7e04064ed1bd7a089","versionState":"latest"},"guardianSupportMode":"unknown","headsetOSBuild":0,"headsetOSUpdateRecommended":false,"headsetRequiresNewerService":false,"headsetSupportsFirmwareUpgrade":false,"id":"WMTD307D500EHL","isUsingAirLink":false,"lastSeenAt":1632550915,"operationalState":"operable","passthroughSupportType":"unknown","powerState":"active","primaryState":"unknown","problems":[],"serialNumber":"WMTD307D500EHL","subtype":"unknown","trackingType":"inside_out","type":"sensor","usbConnection":{"driverProvider":"Microsoft","driverVersion":"10.0.19041.1081","expectedDriverProvider":"","expectedDriverVersion":"","isBlacklisted":false,"isDriverOutdated":false,"isWrongDriverProvider":false,"mode":"usb3","recommendedMode":"usb3","requiredMode":"usb2","usbProductId":5215,"usbVendorId":4130,"usbVendorName":""},"visibility":{"headset":false,"ltouch":false,"rtouch":false},"xrsClientBuild":0},{"batteryState":"unknown","configurationState":"configured","connectionState":"connected","firmware":{"latestVersion":"709/b1ae4f61ae","updateProgress":-1.0,"updateState":"initial","version":"709/b1ae4f61ae","versionState":"latest"},"guardianSupportMode":"on_host_outside_in","headsetOSBuild":0,"headsetOSUpdateRecommended":false,"headsetRequiresNewerService":false,"headsetSupportsFirmwareUpgrade":true,"iad":0.069910317659378052,"id":"WMHD317D500RDH","isUsingAirLink":false,"lastPrimaryAt":1632550916,"lastSeenAt":1632550916,"mixedRealityCaptureSupport":"available","operationalState":"operable","passthroughSupportType":"unsupported","powerState":"active","primaryState":"primary","problems":[],"serialNumber":"WMHD317D500RDH","subtype":"cv1","trackingType":"outside_in","type":"headset","usbConnection":{"driverProvider":"Microsoft","driverVersion":"10.0.19041.1081","expectedDriverProvider":"","expectedDriverVersion":"","isBlacklisted":false,"isDriverOutdated":false,"isWrongDriverProvider":false,"mode":"usb2","recommendedMode":"usb3","requiredMode":"usb2","usbProductId":17365,"usbVendorId":4130,"usbVendorName":""},"xrsClientBuild":0},{"batteryState":100,"configurationState":"notConfigured","connectionState":"connected","firmware":{"latestVersion":"","updateProgress":-1.0,"updateState":"initial","version":"","versionState":"unknown"},"guardianSupportMode":"unknown","headsetOSBuild":0,"headsetOSUpdateRecommended":false,"headsetRequiresNewerService":false,"headsetSupportsFirmwareUpgrade":false,"id":"WMTCL77D400NBU","isUsingAirLink":false,"lastSeenAt":1632550965,"operationalState":"operable","pairedTo":"WMHD317D500RDH","passthroughSupportType":"unknown","powerState":"standby","primaryState":"unknown","problems":[],"serialNumber":"WMTCL77D400NBU","subtype":"ltouch","trackingType":"outside_in","type":"controller","xrsClientBuild":0},{"batteryState":"unknown","configurationState":"notConfigured","connectionState":"disconnected","firmware":{"latestVersion":"","updateProgress":-1.0,"updateState":"initial","version":"","versionState":"unknown"},"guardianSupportMode":"unknown","headsetOSBuild":0,"headsetOSUpdateRecommended":false,"headsetRequiresNewerService":false,"headsetSupportsFirmwareUpgrade":false,"id":"WMTCR77D400G1K","isUsingAirLink":false,"lastSeenAt":1632417362,"operationalState":"inoperable","pairedTo":"WMHD317D500RDH","passthroughSupportType":"unknown","powerState":"off","primaryState":"unknown","problems":[],"serialNumber":"WMTCR77D400G1K","subtype":"rtouch","trackingType":"unknown","type":"controller","xrsClientBuild":0}]}
