{
  "parentCanonicalName": null,
  "files": {
    "locales\\sv.pak": {
      "sha256": "994a704cfd7e98a762c4ee06ed999f2ed239f63483812cb4e7dd2f21f1b8ef80",
      "size": 3528,
      "segmentSize": 10000000,
      "segments": [
        [
          176055675836268,
          "994a704cfd7e98a762c4ee06ed999f2ed239f63483812cb4e7dd2f21f1b8ef80",
          2024
        ]
      ]
    },
    "locales\\sw.pak": {
      "sha256": "1798866129b3e4c1ff382eded112cc810c423ae17da9895142788d3d24306a1c",
      "size": 4010,
      "segmentSize": 10000000,
      "segments": [
        [
          244078562586071,
          "1798866129b3e4c1ff382eded112cc810c423ae17da9895142788d3d24306a1c",
          2089
        ]
      ]
    },
    "locales\\tr.pak": {
      "sha256": "8748b8cccf5e969a803deada04890cf2de6549360f3d4b971f8f69f4f50c4fd4",
      "size": 3901,
      "segmentSize": 10000000,
      "segments": [
        [
          133411482478146,
          "8748b8cccf5e969a803deada04890cf2de6549360f3d4b971f8f69f4f50c4fd4",
          2096
        ]
      ]
    },
    "locales\\ta.pak": {
      "sha256": "c4fd35e73d09cb38fbf4d0a6f3bdacb086171ad357ae6d34de3ccdede54b324d",
      "size": 10367,
      "segmentSize": 10000000,
      "segments": [
        [
          31124874758620,
          "c4fd35e73d09cb38fbf4d0a6f3bdacb086171ad357ae6d34de3ccdede54b324d",
          2566
        ]
      ]
    },
    "locales\\am.pak": {
      "sha256": "f8ca2de039d0ece5767f577daa1bca7b40ca244619207546d2325052f1913842",
      "size": 6294,
      "segmentSize": 10000000,
      "segments": [
        [
          113970984656808,
          "f8ca2de039d0ece5767f577daa1bca7b40ca244619207546d2325052f1913842",
          2442
        ]
      ]
    },
    "locales\\zh-TW.pak": {
      "sha256": "8aaafa6fba001da548b3e4de92e7cb5b193ae926c1621928ce4031548e5cec0e",
      "size": 3296,
      "segmentSize": 10000000,
      "segments": [
        [
          226738622110270,
          "8aaafa6fba001da548b3e4de92e7cb5b193ae926c1621928ce4031548e5cec0e",
          2046
        ]
      ]
    },
    "locales\\uk.pak": {
      "sha256": "1cab1c6e569283ccff34642a522ebb90497770a3b077a481fee578cee49e8786",
      "size": 6371,
      "segmentSize": 10000000,
      "segments": [
        [
          237293605445334,
          "1cab1c6e569283ccff34642a522ebb90497770a3b077a481fee578cee49e8786",
          2510
        ]
      ]
    },
    "locales\\bg.pak": {
      "sha256": "3d0f265dbdb98d101809533e4bcad89d7d46fb45d668d2e7362f24530c731ae3",
      "size": 6713,
      "segmentSize": 10000000,
      "segments": [
        [
          46785750911583,
          "3d0f265dbdb98d101809533e4bcad89d7d46fb45d668d2e7362f24530c731ae3",
          2523
        ]
      ]
    },
    "locales\\vi.pak": {
      "sha256": "5828bafaa9e2a0e6de7f4ef8ca01946f698af8e12b3334beeacb078af72008fb",
      "size": 4764,
      "segmentSize": 10000000,
      "segments": [
        [
          141001528716314,
          "5828bafaa9e2a0e6de7f4ef8ca01946f698af8e12b3334beeacb078af72008fb",
          2226
        ]
      ]
    },
    "locales\\ar.pak": {
      "sha256": "633c40863f73d54f47bd52bbb1ac09a26c5ba1ad44d8c6b7a97cd6edf41f50da",
      "size": 5791,
      "segmentSize": 10000000,
      "segments": [
        [
          280783252972841,
          "633c40863f73d54f47bd52bbb1ac09a26c5ba1ad44d8c6b7a97cd6edf41f50da",
          2328
        ]
      ]
    },
    "locales\\bn.pak": {
      "sha256": "26f830bc385f27171787ca5f8ddc8f2ab6322c7299e2be09308e959dd66865a0",
      "size": 8597,
      "segmentSize": 10000000,
      "segments": [
        [
          218413852348252,
          "26f830bc385f27171787ca5f8ddc8f2ab6322c7299e2be09308e959dd66865a0",
          2528
        ]
      ]
    },
    "locales\\ca.pak": {
      "sha256": "81891525ad075df3be1a92152f2f0055c1ab74df74421e110ed644c0e7d6f78a",
      "size": 4112,
      "segmentSize": 10000000,
      "segments": [
        [
          111553571818619,
          "81891525ad075df3be1a92152f2f0055c1ab74df74421e110ed644c0e7d6f78a",
          2167
        ]
      ]
    },
    "locales\\zh-CN.pak": {
      "sha256": "bd6478db2594ea114b1dc79b1f7da848e09f6bfc863c2e186e1b901e8de4cb8b",
      "size": 3458,
      "segmentSize": 10000000,
      "segments": [
        [
          191737272704400,
          "bd6478db2594ea114b1dc79b1f7da848e09f6bfc863c2e186e1b901e8de4cb8b",
          2070
        ]
      ]
    },
    "resources\\electron.asar": {
      "sha256": "9b7e287bc4af0d0d22a80eabb2f9de3bab942a0bd7a68ac0c47a507ca91b58a8",
      "size": 264717,
      "segmentSize": 10000000,
      "segments": [
        [
          62081526287192,
          "9b7e287bc4af0d0d22a80eabb2f9de3bab942a0bd7a68ac0c47a507ca91b58a8",
          65612
        ]
      ]
    },
    "resources\\app.asar.unpacked\\output\\oculus.ico": {
      "sha256": "278f003fa4736e76c78333daf718e0cca06cf58339e792bac8eb242810d86fed",
      "size": 99678,
      "segmentSize": 10000000,
      "segments": [
        [
          159509807122064,
          "278f003fa4736e76c78333daf718e0cca06cf58339e792bac8eb242810d86fed",
          8048
        ]
      ]
    },
    "views_resources_200_percent.pak": {
      "sha256": "222d401933e86d30fd5f8bccacf527020b2c395addf9c38e63c0df6f3e1c9ed5",
      "size": 56372,
      "segmentSize": 10000000,
      "segments": [
        [
          269148846077376,
          "222d401933e86d30fd5f8bccacf527020b2c395addf9c38e63c0df6f3e1c9ed5",
          46515
        ]
      ]
    },
    "api-ms-win-core-console-l1-1-0.dll": {
      "sha256": "9f3608c15c5de2f577a2220ce124b530825717d778f1e3941e536a3ab691f733",
      "size": 19208,
      "segmentSize": 10000000,
      "segments": [
        [
          166621764611152,
          "9f3608c15c5de2f577a2220ce124b530825717d778f1e3941e536a3ab691f733",
          10553
        ]
      ]
    },
    "ui_resources_200_percent.pak": {
      "sha256": "7242e4d5b41d3811c8ed068eb186ddac85a725555f841fbef8a82c13bd8c451c",
      "size": 112209,
      "segmentSize": 10000000,
      "segments": [
        [
          85297460216846,
          "7242e4d5b41d3811c8ed068eb186ddac85a725555f841fbef8a82c13bd8c451c",
          105259
        ]
      ]
    },
    "version": {
      "sha256": "7b90e9c3254a64477c5d32f023e9c02a5020d064c65611137e7dd4f91206b85d",
      "size": 7,
      "segmentSize": 10000000,
      "segments": [
        [
          30953963930,
          "7b90e9c3254a64477c5d32f023e9c02a5020d064c65611137e7dd4f91206b85d",
          15
        ]
      ]
    },
    "api-ms-win-core-datetime-l1-1-0.dll": {
      "sha256": "3b68d7ab0641de6b3e81d209b7c0d3896e4ffa76617bbadd01eb54036cdd1b07",
      "size": 18696,
      "segmentSize": 10000000,
      "segments": [
        [
          267246640735589,
          "3b68d7ab0641de6b3e81d209b7c0d3896e4ffa76617bbadd01eb54036cdd1b07",
          10356
        ]
      ]
    },
    "vcruntime140.dll": {
      "sha256": "d58e3ff10fd96a22a8e6d2fd76146a282cc45ccfaf2301257e76e7c2771cbd41",
      "size": 87728,
      "segmentSize": 10000000,
      "segments": [
        [
          44682901163215,
          "d58e3ff10fd96a22a8e6d2fd76146a282cc45ccfaf2301257e76e7c2771cbd41",
          48267
        ]
      ]
    },
    "api-ms-win-core-debug-l1-1-0.dll": {
      "sha256": "55574f9e80d313048c245acefd21801d0d6c908a8a5049b4c46253efaf420f89",
      "size": 18696,
      "segmentSize": 10000000,
      "segments": [
        [
          81837432428564,
          "55574f9e80d313048c245acefd21801d0d6c908a8a5049b4c46253efaf420f89",
          10376
        ]
      ]
    },
    "api-ms-win-core-interlocked-l1-1-0.dll": {
      "sha256": "5cd00ff4731691f81ff528c4b5a2e408548107efc22cc6576048b0fdce3dfbc9",
      "size": 18696,
      "segmentSize": 10000000,
      "segments": [
        [
          111293895204267,
          "5cd00ff4731691f81ff528c4b5a2e408548107efc22cc6576048b0fdce3dfbc9",
          10403
        ]
      ]
    },
    "api-ms-win-core-file-l1-2-0.dll": {
      "sha256": "322d963d2a2aefd784e99697c59d494853d69bed8efd4b445f59292930a6b165",
      "size": 18696,
      "segmentSize": 10000000,
      "segments": [
        [
          65480049477433,
          "322d963d2a2aefd784e99697c59d494853d69bed8efd4b445f59292930a6b165",
          10414
        ]
      ]
    },
    "api-ms-win-core-heap-l1-1-0.dll": {
      "sha256": "87a5c5475e9c26fabfead6802dac8a62e2807e50e0d18c4bfadcb15ebf5bcbc0",
      "size": 19208,
      "segmentSize": 10000000,
      "segments": [
        [
          268306944054676,
          "87a5c5475e9c26fabfead6802dac8a62e2807e50e0d18c4bfadcb15ebf5bcbc0",
          10584
        ]
      ]
    },
    "api-ms-win-core-errorhandling-l1-1-0.dll": {
      "sha256": "b3715112a7ca4c6cc0efee044bd82444d3267a379e33a3ec118d87e75604204d",
      "size": 18696,
      "segmentSize": 10000000,
      "segments": [
        [
          50683148957649,
          "b3715112a7ca4c6cc0efee044bd82444d3267a379e33a3ec118d87e75604204d",
          10425
        ]
      ]
    },
    "api-ms-win-core-handle-l1-1-0.dll": {
      "sha256": "8ee2de377a045c52bbb05087ae3c2f95576edfb0c2767f40b13454f2d9f779de",
      "size": 18696,
      "segmentSize": 10000000,
      "segments": [
        [
          188170118811184,
          "8ee2de377a045c52bbb05087ae3c2f95576edfb0c2767f40b13454f2d9f779de",
          10416
        ]
      ]
    },
    "api-ms-win-core-libraryloader-l1-1-0.dll": {
      "sha256": "8e01eb923fc453f927a7eca1c8aa5643e43b360c76b648088f51b31488970aa0",
      "size": 19720,
      "segmentSize": 10000000,
      "segments": [
        [
          102340230649116,
          "8e01eb923fc453f927a7eca1c8aa5643e43b360c76b648088f51b31488970aa0",
          10783
        ]
      ]
    },
    "api-ms-win-core-file-l1-1-0.dll": {
      "sha256": "56de091efe467fe23cc989c1ee21f3249a1bdb2178b51511e3bd514df12c5ccb",
      "size": 22280,
      "segmentSize": 10000000,
      "segments": [
        [
          195577897520757,
          "56de091efe467fe23cc989c1ee21f3249a1bdb2178b51511e3bd514df12c5ccb",
          11607
        ]
      ]
    },
    "api-ms-win-core-localization-l1-2-0.dll": {
      "sha256": "a07cc878ab5595aacd4ab229a6794513f897bd7ad14bcec353793379146b2094",
      "size": 21256,
      "segmentSize": 10000000,
      "segments": [
        [
          37686427153773,
          "a07cc878ab5595aacd4ab229a6794513f897bd7ad14bcec353793379146b2094",
          11400
        ]
      ]
    },
    "api-ms-win-core-processthreads-l1-1-0.dll": {
      "sha256": "a1221836731c7e52c42d5809cc02b17c5ec964601631ec15a84201f423da4ac4",
      "size": 20744,
      "segmentSize": 10000000,
      "segments": [
        [
          97889235362270,
          "a1221836731c7e52c42d5809cc02b17c5ec964601631ec15a84201f423da4ac4",
          11251
        ]
      ]
    },
    "api-ms-win-core-namedpipe-l1-1-0.dll": {
      "sha256": "593fa2aa2474508ad942bbaa0fdc9a1badd81c85b0dff1c43b90a47c23ad5fb7",
      "size": 18696,
      "segmentSize": 10000000,
      "segments": [
        [
          95080662134141,
          "593fa2aa2474508ad942bbaa0fdc9a1badd81c85b0dff1c43b90a47c23ad5fb7",
          10541
        ]
      ]
    },
    "api-ms-win-core-processenvironment-l1-1-0.dll": {
      "sha256": "ea2972fec12305825162ae3e1ae2b6c140e840be0e7ebb51a7a77b7feeda133a",
      "size": 19720,
      "segmentSize": 10000000,
      "segments": [
        [
          132385775036503,
          "ea2972fec12305825162ae3e1ae2b6c140e840be0e7ebb51a7a77b7feeda133a",
          10726
        ]
      ]
    },
    "api-ms-win-core-memory-l1-1-0.dll": {
      "sha256": "c2e887a17875d39099d662a42f58c120b9cc8a799afd87a9e49adf3faddd2b68",
      "size": 19208,
      "segmentSize": 10000000,
      "segments": [
        [
          195865391630720,
          "c2e887a17875d39099d662a42f58c120b9cc8a799afd87a9e49adf3faddd2b68",
          10582
        ]
      ]
    },
    "api-ms-win-core-profile-l1-1-0.dll": {
      "sha256": "9e98b03a3ca1ebabdceb7ed9c0ceb4912bb68eb68f3e0df17f39c7a55fada31d",
      "size": 18184,
      "segmentSize": 10000000,
      "segments": [
        [
          233860282889068,
          "9e98b03a3ca1ebabdceb7ed9c0ceb4912bb68eb68f3e0df17f39c7a55fada31d",
          10350
        ]
      ]
    },
    "api-ms-win-core-file-l2-1-0.dll": {
      "sha256": "1ea267a2e6284f17dd548c6f2285e19f7edb15d6e737a55391140ce5cb95225e",
      "size": 18696,
      "segmentSize": 10000000,
      "segments": [
        [
          138013641748767,
          "1ea267a2e6284f17dd548c6f2285e19f7edb15d6e737a55391140ce5cb95225e",
          10552
        ]
      ]
    },
    "api-ms-win-core-processthreads-l1-1-1.dll": {
      "sha256": "fe760614903e6d46a1be508dccb65cf6929d792a1db2c365fc937f2a8a240504",
      "size": 19208,
      "segmentSize": 10000000,
      "segments": [
        [
          112664694470296,
          "fe760614903e6d46a1be508dccb65cf6929d792a1db2c365fc937f2a8a240504",
          10640
        ]
      ]
    },
    "api-ms-win-core-string-l1-1-0.dll": {
      "sha256": "854db7d2085caacf83d6616761d8bdcbacb54a06c9a9b171b1c1a15e7dc10908",
      "size": 18696,
      "segmentSize": 10000000,
      "segments": [
        [
          173387864807186,
          "854db7d2085caacf83d6616761d8bdcbacb54a06c9a9b171b1c1a15e7dc10908",
          10476
        ]
      ]
    },
    "api-ms-win-core-rtlsupport-l1-1-0.dll": {
      "sha256": "cdc4cfebf9cba85b0d3979befdb258c1f2cfcb79edd00da2dfbf389d080e4379",
      "size": 19208,
      "segmentSize": 10000000,
      "segments": [
        [
          280629104568351,
          "cdc4cfebf9cba85b0d3979befdb258c1f2cfcb79edd00da2dfbf389d080e4379",
          10604
        ]
      ]
    },
    "api-ms-win-core-synch-l1-1-0.dll": {
      "sha256": "50a1542d16b42ecb3edc1edd0881744171ea52f7155e5269ad39234f0ea691de",
      "size": 20744,
      "segmentSize": 10000000,
      "segments": [
        [
          220517916837463,
          "50a1542d16b42ecb3edc1edd0881744171ea52f7155e5269ad39234f0ea691de",
          11087
        ]
      ]
    },
    "api-ms-win-core-synch-l1-2-0.dll": {
      "sha256": "59c14541107f5f2b94bbf8686efee862d20114bcc9828d279de7bf664d721132",
      "size": 19208,
      "segmentSize": 10000000,
      "segments": [
        [
          250595857914730,
          "59c14541107f5f2b94bbf8686efee862d20114bcc9828d279de7bf664d721132",
          10656
        ]
      ]
    },
    "api-ms-win-core-sysinfo-l1-1-0.dll": {
      "sha256": "8310d855398f83cb5b9ca3adeb358da1354557aec5c82c8ef91a29f79a47f620",
      "size": 19720,
      "segmentSize": 10000000,
      "segments": [
        [
          101895516981635,
          "8310d855398f83cb5b9ca3adeb358da1354557aec5c82c8ef91a29f79a47f620",
          10724
        ]
      ]
    },
    "api-ms-win-crt-runtime-l1-1-0.dll": {
      "sha256": "371a44ab91614a8c26d159beb872a7b43f569cb5fac8ada99ace98f264a3b503",
      "size": 23304,
      "segmentSize": 10000000,
      "segments": [
        [
          263695860840740,
          "371a44ab91614a8c26d159beb872a7b43f569cb5fac8ada99ace98f264a3b503",
          12189
        ]
      ]
    },
    "api-ms-win-crt-conio-l1-1-0.dll": {
      "sha256": "d5960c7356e8ab97d0ad77738e18c80433da277671a6e89a943c7f7257ff3663",
      "size": 19720,
      "segmentSize": 10000000,
      "segments": [
        [
          212833817618745,
          "d5960c7356e8ab97d0ad77738e18c80433da277671a6e89a943c7f7257ff3663",
          10793
        ]
      ]
    },
    "api-ms-win-core-timezone-l1-1-0.dll": {
      "sha256": "48eb5b52227b6fb5be70cb34009c8da68356b62f3e707db56af957338ba82720",
      "size": 19208,
      "segmentSize": 10000000,
      "segments": [
        [
          213031117650583,
          "48eb5b52227b6fb5be70cb34009c8da68356b62f3e707db56af957338ba82720",
          10568
        ]
      ]
    },
    "api-ms-win-core-util-l1-1-0.dll": {
      "sha256": "a41bede183fa1c70318332d6bc54ef13817aeee6d52b3ab408f95fa532b809f1",
      "size": 18696,
      "segmentSize": 10000000,
      "segments": [
        [
          239630185580951,
          "a41bede183fa1c70318332d6bc54ef13817aeee6d52b3ab408f95fa532b809f1",
          10412
        ]
      ]
    },
    "api-ms-win-crt-convert-l1-1-0.dll": {
      "sha256": "83678f181f46fe77f8afe08bfc48aebb0b4154ad45b2efe9bfadc907313f6087",
      "size": 22792,
      "segmentSize": 10000000,
      "segments": [
        [
          136468359804705,
          "83678f181f46fe77f8afe08bfc48aebb0b4154ad45b2efe9bfadc907313f6087",
          12041
        ]
      ]
    },
    "api-ms-win-crt-environment-l1-1-0.dll": {
      "sha256": "f7c6c7ea22edd2f8bd07aa5b33cbce862ef1dcdc2226eb130e0018e02ff91dc1",
      "size": 19208,
      "segmentSize": 10000000,
      "segments": [
        [
          214433306992035,
          "f7c6c7ea22edd2f8bd07aa5b33cbce862ef1dcdc2226eb130e0018e02ff91dc1",
          10570
        ]
      ]
    },
    "api-ms-win-crt-heap-l1-1-0.dll": {
      "sha256": "af47aebe065af2f045a19f20ec7e54a6e73c0c3e9a5108a63095a7232b75381a",
      "size": 19720,
      "segmentSize": 10000000,
      "segments": [
        [
          151131226901215,
          "af47aebe065af2f045a19f20ec7e54a6e73c0c3e9a5108a63095a7232b75381a",
          10742
        ]
      ]
    },
    "api-ms-win-crt-filesystem-l1-1-0.dll": {
      "sha256": "610332203d29ab218359e291401bf091bb1db1a6d7ed98ab9a7a9942384b8e27",
      "size": 20744,
      "segmentSize": 10000000,
      "segments": [
        [
          116894885067490,
          "610332203d29ab218359e291401bf091bb1db1a6d7ed98ab9a7a9942384b8e27",
          11289
        ]
      ]
    },
    "api-ms-win-crt-locale-l1-1-0.dll": {
      "sha256": "b3b6ee98aca14cf5bc9f3bc7897bc23934bf85fc4bc25b7506fe4cd9a767047a",
      "size": 19208,
      "segmentSize": 10000000,
      "segments": [
        [
          227480595582917,
          "b3b6ee98aca14cf5bc9f3bc7897bc23934bf85fc4bc25b7506fe4cd9a767047a",
          10693
        ]
      ]
    },
    "api-ms-win-crt-math-l1-1-0.dll": {
      "sha256": "a25d0654deb0cea1aef189ba2174d0f13bdf52f098d3a9ec36d15e4bfb30c499",
      "size": 27912,
      "segmentSize": 10000000,
      "segments": [
        [
          93490551848258,
          "a25d0654deb0cea1aef189ba2174d0f13bdf52f098d3a9ec36d15e4bfb30c499",
          14227
        ]
      ]
    },
    "api-ms-win-crt-multibyte-l1-1-0.dll": {
      "sha256": "dff24441df89a02dde1cd984e4d3820845bafdff105458ed10d510126117115b",
      "size": 26888,
      "segmentSize": 10000000,
      "segments": [
        [
          202385186175025,
          "dff24441df89a02dde1cd984e4d3820845bafdff105458ed10d510126117115b",
          13186
        ]
      ]
    },
    "api-ms-win-crt-process-l1-1-0.dll": {
      "sha256": "fc50a37acc35345c99344042d7212a4ae88aa52a894cda3dcb9f6db46d852558",
      "size": 19720,
      "segmentSize": 10000000,
      "segments": [
        [
          112672999216102,
          "fc50a37acc35345c99344042d7212a4ae88aa52a894cda3dcb9f6db46d852558",
          10819
        ]
      ]
    },
    "api-ms-win-crt-private-l1-1-0.dll": {
      "sha256": "adbb658dd1cbecaca7cc1322b51976f30b36ccf0a751f3bad1f29d350b192c9c",
      "size": 71432,
      "segmentSize": 10000000,
      "segments": [
        [
          215520961894636,
          "adbb658dd1cbecaca7cc1322b51976f30b36ccf0a751f3bad1f29d350b192c9c",
          27382
        ]
      ]
    },
    "api-ms-win-crt-stdio-l1-1-0.dll": {
      "sha256": "0189cbd84dea035763a7e52225e0f1a7dcec402734885413add324bffe688577",
      "size": 24840,
      "segmentSize": 10000000,
      "segments": [
        [
          185421306732786,
          "0189cbd84dea035763a7e52225e0f1a7dcec402734885413add324bffe688577",
          12738
        ]
      ]
    },
    "api-ms-win-crt-string-l1-1-0.dll": {
      "sha256": "885309eb86dccd8e234ba05e13fe0bf59ab3db388ebfbf6b4fd6162d8e287e82",
      "size": 24840,
      "segmentSize": 10000000,
      "segments": [
        [
          66027524136080,
          "885309eb86dccd8e234ba05e13fe0bf59ab3db388ebfbf6b4fd6162d8e287e82",
          12899
        ]
      ]
    },
    "api-ms-win-crt-time-l1-1-0.dll": {
      "sha256": "00ac02d39b7b16406850e02ca4a6101f45d6f7b4397cc9e069f2ce800b8500b9",
      "size": 21256,
      "segmentSize": 10000000,
      "segments": [
        [
          37248910886631,
          "00ac02d39b7b16406850e02ca4a6101f45d6f7b4397cc9e069f2ce800b8500b9",
          11410
        ]
      ]
    },
    "blink_image_resources_200_percent.pak": {
      "sha256": "0ae299034fef86349a5b379d8c3c9db84bba725487e665102791701b24ba855d",
      "size": 4214,
      "segmentSize": 10000000,
      "segments": [
        [
          88085199531162,
          "0ae299034fef86349a5b379d8c3c9db84bba725487e665102791701b24ba855d",
          3975
        ]
      ]
    },
    "content_shell.pak": {
      "sha256": "4a4b5532c7c5415b8a84855cfe29122a7d428c168c903ac8810cd1644ea5d510",
      "size": 7482208,
      "segmentSize": 10000000,
      "segments": [
        [
          65541227354549,
          "4a4b5532c7c5415b8a84855cfe29122a7d428c168c903ac8810cd1644ea5d510",
          3181866
        ]
      ]
    },
    "d3dcompiler_47.dll": {
      "sha256": "e994847e01a6f1e4cbdc5a864616ac262f67ee4f14db194984661a8d927ab7f4",
      "size": 4173928,
      "segmentSize": 10000000,
      "segments": [
        [
          255576191677864,
          "e994847e01a6f1e4cbdc5a864616ac262f67ee4f14db194984661a8d927ab7f4",
          1756414
        ]
      ]
    },
    "api-ms-win-crt-utility-l1-1-0.dll": {
      "sha256": "984306a3547be2f48483d68d0466b21dda9db4be304bedc9ffdb953c26cac5a1",
      "size": 19208,
      "segmentSize": 10000000,
      "segments": [
        [
          236141799780003,
          "984306a3547be2f48483d68d0466b21dda9db4be304bedc9ffdb953c26cac5a1",
          10750
        ]
      ]
    },
    "content_resources_200_percent.pak": {
      "sha256": "ca73097bd968b363b7145e86b64f3c595e533808b0763dc8863a27fc363cfa51",
      "size": 18,
      "segmentSize": 10000000,
      "segments": [
        [
          2952790040,
          "ca73097bd968b363b7145e86b64f3c595e533808b0763dc8863a27fc363cfa51",
          19
        ]
      ]
    },
    "ffmpeg.dll": {
      "sha256": "672b2e0129ac51f93168e3d1be8cd3043a6d9dacd466ddf81f358f78dc2b7278",
      "size": 1830912,
      "segmentSize": 10000000,
      "segments": [
        [
          270932205244616,
          "672b2e0129ac51f93168e3d1be8cd3043a6d9dacd466ddf81f358f78dc2b7278",
          794099
        ]
      ]
    },
    "icudtl.dat": {
      "sha256": "c3b6588446b4a48e36dc135f9920ad246f5c84fe59c634b4225b009dd1dace13",
      "size": 10171360,
      "segmentSize": 10000000,
      "segments": [
        [
          6729805621977,
          "d397c79f0541d71607dd827c2b9449319e65f807e3f94eff24693472037c16d2",
          4381748
        ],
        [
          134154642437565,
          "098ae51fd1776eb5358ff4cad1928ba1914db880714446260d32000ca681ec86",
          67075
        ]
      ]
    },
    "libGLESv2.dll": {
      "sha256": "a47b0e7e6725d27bca90cf8b6a884c8786bcf425eacdf8164342efdba3a9757d",
      "size": 3852800,
      "segmentSize": 10000000,
      "segments": [
        [
          220061362649522,
          "a47b0e7e6725d27bca90cf8b6a884c8786bcf425eacdf8164342efdba3a9757d",
          1553482
        ]
      ]
    },
    "libEGL.dll": {
      "sha256": "d247ce1cc2b5310871f4aeeb4aedce1f4d900f9db7905f45f6e4f4df7fd6f4d6",
      "size": 17408,
      "segmentSize": 10000000,
      "segments": [
        [
          239078600585522,
          "d247ce1cc2b5310871f4aeeb4aedce1f4d900f9db7905f45f6e4f4df7fd6f4d6",
          6588
        ]
      ]
    },
    "msvcp140.dll": {
      "sha256": "be2ef4f6d540d0ac5fddd556dcb6bfaf6cb6288679e4d64882d625ff35f173aa",
      "size": 641696,
      "segmentSize": 10000000,
      "segments": [
        [
          103105694474660,
          "be2ef4f6d540d0ac5fddd556dcb6bfaf6cb6288679e4d64882d625ff35f173aa",
          204224
        ]
      ]
    },
    "natives_blob.bin": {
      "sha256": "a23d9b8422322157c7900b2cc35bf9a8129c08e4b9807dae26f412981b9c1b78",
      "size": 175097,
      "segmentSize": 10000000,
      "segments": [
        [
          129538343367541,
          "a23d9b8422322157c7900b2cc35bf9a8129c08e4b9807dae26f412981b9c1b78",
          36531
        ]
      ]
    },
    "LICENSES.chromium.html": {
      "sha256": "ab04ac8c6bb2f55557c83f6fe5b004cf6b9e708f2e01afd2a898c3f37d4a872b",
      "size": 1905994,
      "segmentSize": 10000000,
      "segments": [
        [
          26886083944399,
          "ab04ac8c6bb2f55557c83f6fe5b004cf6b9e708f2e01afd2a898c3f37d4a872b",
          309120
        ]
      ]
    },
    "LICENSE": {
      "sha256": "fa441a7ca6c25057936b32dec6083cc61078003c3907b4f32feabb5ccdb15371",
      "size": 1060,
      "segmentSize": 10000000,
      "segments": [
        [
          256481740017790,
          "fa441a7ca6c25057936b32dec6083cc61078003c3907b4f32feabb5ccdb15371",
          639
        ]
      ]
    },
    "node.dll": {
      "sha256": "8a9ca0e5c3ad5085888ef663657d5f241c5010d697a44248f14bf64216bc6143",
      "size": 18578944,
      "segmentSize": 10000000,
      "segments": [
        [
          149026062150647,
          "bf24d0a7cbf99451169dd0ff26694d5caeefc13074e7fcd88a0e4a9809cb0ed6",
          4435681
        ],
        [
          200874996732706,
          "2a85c967df13d9c129ed1046d99360b16d98dcbff51c8b180c54aa627fd9346a",
          2876764
        ]
      ]
    },
    "ucrtbase.dll": {
      "sha256": "8a91052ef261b5fbf3223ae9ce789af73dfe1e9b0ba5bdbc4d564870a24f2bae",
      "size": 1016584,
      "segmentSize": 10000000,
      "segments": [
        [
          99008139410967,
          "8a91052ef261b5fbf3223ae9ce789af73dfe1e9b0ba5bdbc4d564870a24f2bae",
          500503
        ]
      ]
    },
    "v8_context_snapshot.bin": {
      "sha256": "5fe890488a51c077028958b134a5da5e559b8e1edddcfd6f1d3f7405e33031b8",
      "size": 1766860,
      "segmentSize": 10000000,
      "segments": [
        [
          92242297430631,
          "5fe890488a51c077028958b134a5da5e559b8e1edddcfd6f1d3f7405e33031b8",
          518419
        ]
      ]
    },
    "locales\\te.pak": {
      "sha256": "1dc1aaf85b81dcd901090f945d59b5e821786ea40632c243a92d99afa17fd328",
      "size": 9770,
      "segmentSize": 10000000,
      "segments": [
        [
          244487323966822,
          "1dc1aaf85b81dcd901090f945d59b5e821786ea40632c243a92d99afa17fd328",
          2614
        ]
      ]
    },
    "locales\\th.pak": {
      "sha256": "7ef80ba6c7cad413d9068ecb52e94f62a8028444b2800465476e434defe5ce89",
      "size": 7733,
      "segmentSize": 10000000,
      "segments": [
        [
          268118300812882,
          "7ef80ba6c7cad413d9068ecb52e94f62a8028444b2800465476e434defe5ce89",
          2340
        ]
      ]
    },
    "locales\\de.pak": {
      "sha256": "829f149bec8542198172f459ace8b9004193310f0fa6140b27005c509a999a8d",
      "size": 4051,
      "segmentSize": 10000000,
      "segments": [
        [
          194492930286035,
          "829f149bec8542198172f459ace8b9004193310f0fa6140b27005c509a999a8d",
          2178
        ]
      ]
    },
    "locales\\da.pak": {
      "sha256": "2c5c64703522028d499f8fd05e0066115e080e3ef1edeea131d948147c924a3e",
      "size": 3720,
      "segmentSize": 10000000,
      "segments": [
        [
          98083061168172,
          "2c5c64703522028d499f8fd05e0066115e080e3ef1edeea131d948147c924a3e",
          2050
        ]
      ]
    },
    "locales\\el.pak": {
      "sha256": "7f47593384190d6d2c5dcb72efb7c86cbe5281bd0e21bb13e99ad4091adb51e9",
      "size": 7345,
      "segmentSize": 10000000,
      "segments": [
        [
          51787928284246,
          "7f47593384190d6d2c5dcb72efb7c86cbe5281bd0e21bb13e99ad4091adb51e9",
          2678
        ]
      ]
    },
    "locales\\en-GB.pak": {
      "sha256": "68eb1f1e181a26f7af05e3bd37ea2fef9167a657f03270624f7373c930cd8a34",
      "size": 3544,
      "segmentSize": 10000000,
      "segments": [
        [
          9979876901773,
          "68eb1f1e181a26f7af05e3bd37ea2fef9167a657f03270624f7373c930cd8a34",
          1939
        ]
      ]
    },
    "locales\\en-US.pak": {
      "sha256": "a7a88ba80019f84745d9daab0d35b0c2a8d8c1c2d4b019393eb0c2fed25bb1e7",
      "size": 3542,
      "segmentSize": 10000000,
      "segments": [
        [
          3926137275309,
          "a7a88ba80019f84745d9daab0d35b0c2a8d8c1c2d4b019393eb0c2fed25bb1e7",
          1936
        ]
      ]
    },
    "locales\\es.pak": {
      "sha256": "2eec26372f3f50498b9ff81108281c21a9f1229049107fec8680c09188638f42",
      "size": 4407,
      "segmentSize": 10000000,
      "segments": [
        [
          130514493505279,
          "2eec26372f3f50498b9ff81108281c21a9f1229049107fec8680c09188638f42",
          2188
        ]
      ]
    },
    "locales\\es-419.pak": {
      "sha256": "a2b0432fd34fd144f050d3c26baf4add92941c84e973cb9d765f3ce19ebf0ca8",
      "size": 4266,
      "segmentSize": 10000000,
      "segments": [
        [
          257074479350455,
          "a2b0432fd34fd144f050d3c26baf4add92941c84e973cb9d765f3ce19ebf0ca8",
          2178
        ]
      ]
    },
    "locales\\et.pak": {
      "sha256": "a71a90e676ead6be1a781746f78d8cc50cae1f3b13b8122ed3f081e400ee660c",
      "size": 3837,
      "segmentSize": 10000000,
      "segments": [
        [
          205987068084844,
          "a71a90e676ead6be1a781746f78d8cc50cae1f3b13b8122ed3f081e400ee660c",
          2078
        ]
      ]
    },
    "locales\\fa.pak": {
      "sha256": "8d53a6a97e38acf6efb59956128bc7297883cbb8359f31d7f818996850f8dac9",
      "size": 5858,
      "segmentSize": 10000000,
      "segments": [
        [
          78638788489060,
          "8d53a6a97e38acf6efb59956128bc7297883cbb8359f31d7f818996850f8dac9",
          2323
        ]
      ]
    },
    "locales\\fake-bidi.pak": {
      "sha256": "cd371f80bc861458a13b967677c4576dbd802433992033f848848b3b51fa8f11",
      "size": 6164,
      "segmentSize": 10000000,
      "segments": [
        [
          161867654466509,
          "cd371f80bc861458a13b967677c4576dbd802433992033f848848b3b51fa8f11",
          2187
        ]
      ]
    },
    "locales\\fi.pak": {
      "sha256": "25feffa4cf7efdf31b9829e824d18771ac5cba6875bcb9318d867001c6d79938",
      "size": 3838,
      "segmentSize": 10000000,
      "segments": [
        [
          109299619959477,
          "25feffa4cf7efdf31b9829e824d18771ac5cba6875bcb9318d867001c6d79938",
          2096
        ]
      ]
    },
    "locales\\fil.pak": {
      "sha256": "2951a550fa50764734c5af89c86a84b7df61e4dc05726a85cf7f52bf57311d8f",
      "size": 4350,
      "segmentSize": 10000000,
      "segments": [
        [
          36037695218186,
          "2951a550fa50764734c5af89c86a84b7df61e4dc05726a85cf7f52bf57311d8f",
          2145
        ]
      ]
    },
    "locales\\fr.pak": {
      "sha256": "4c108af22822555e1a9e731f3838e0b1be0931f6857afbaf97d8f58aa62b2d9f",
      "size": 4597,
      "segmentSize": 10000000,
      "segments": [
        [
          11806513190332,
          "4c108af22822555e1a9e731f3838e0b1be0931f6857afbaf97d8f58aa62b2d9f",
          2314
        ]
      ]
    },
    "locales\\he.pak": {
      "sha256": "912cdf74aaa9e6f37d2fd5bd8384fc26e4ff9d2404300ef5b28510bda9f2e55f",
      "size": 4442,
      "segmentSize": 10000000,
      "segments": [
        [
          99103149770356,
          "912cdf74aaa9e6f37d2fd5bd8384fc26e4ff9d2404300ef5b28510bda9f2e55f",
          2078
        ]
      ]
    },
    "locales\\gu.pak": {
      "sha256": "dcf9af95771e4c3097af0a9683e7cbc680555d66627644f804cf16990c86c7cd",
      "size": 8388,
      "segmentSize": 10000000,
      "segments": [
        [
          43733220626082,
          "dcf9af95771e4c3097af0a9683e7cbc680555d66627644f804cf16990c86c7cd",
          2472
        ]
      ]
    },
    "locales\\hi.pak": {
      "sha256": "d488c8b880275660f2133d822f6777450754f859444b531465c17300a6d44d2e",
      "size": 7644,
      "segmentSize": 10000000,
      "segments": [
        [
          185392700743981,
          "d488c8b880275660f2133d822f6777450754f859444b531465c17300a6d44d2e",
          2449
        ]
      ]
    },
    "locales\\hr.pak": {
      "sha256": "e9161befc5a9b64298ee6a22b20711c1ef52641e21f31bbf7143967a04189836",
      "size": 3985,
      "segmentSize": 10000000,
      "segments": [
        [
          213370083304465,
          "e9161befc5a9b64298ee6a22b20711c1ef52641e21f31bbf7143967a04189836",
          2181
        ]
      ]
    },
    "locales\\hu.pak": {
      "sha256": "c4e58cfb81a1562856ee88e54e18e6a2f5c5d2415d7eedc871f336d066baf6fb",
      "size": 4472,
      "segmentSize": 10000000,
      "segments": [
        [
          65187722229649,
          "c4e58cfb81a1562856ee88e54e18e6a2f5c5d2415d7eedc871f336d066baf6fb",
          2337
        ]
      ]
    },
    "locales\\id.pak": {
      "sha256": "f28fae1ec159a857126cc0d7b4cd1f319b433d73435aee45f8bba84b38177c6a",
      "size": 3655,
      "segmentSize": 10000000,
      "segments": [
        [
          262415690541829,
          "f28fae1ec159a857126cc0d7b4cd1f319b433d73435aee45f8bba84b38177c6a",
          1994
        ]
      ]
    },
    "locales\\it.pak": {
      "sha256": "ec5f880468086b01aeb312402ae3c4ad31c64a6c006d968c45699a2b76edf4d7",
      "size": 4168,
      "segmentSize": 10000000,
      "segments": [
        [
          266925758580095,
          "ec5f880468086b01aeb312402ae3c4ad31c64a6c006d968c45699a2b76edf4d7",
          2117
        ]
      ]
    },
    "locales\\ja.pak": {
      "sha256": "d0e12dd14546ccca128e51482f398d42f9553a45ae4c49b6d014889daf622cf8",
      "size": 4826,
      "segmentSize": 10000000,
      "segments": [
        [
          17183225342250,
          "d0e12dd14546ccca128e51482f398d42f9553a45ae4c49b6d014889daf622cf8",
          2177
        ]
      ]
    },
    "locales\\kn.pak": {
      "sha256": "d2f14d27cccc164df3c27c85c2070bd12ac8c6fca11a2680f70ba105c0d03ce0",
      "size": 9353,
      "segmentSize": 10000000,
      "segments": [
        [
          206251310451033,
          "d2f14d27cccc164df3c27c85c2070bd12ac8c6fca11a2680f70ba105c0d03ce0",
          2555
        ]
      ]
    },
    "locales\\ko.pak": {
      "sha256": "7cddc7a8eed58de7e674057aad6407d7c36826bfce95b2a619df97c8a59b7e8a",
      "size": 3921,
      "segmentSize": 10000000,
      "segments": [
        [
          72183569728146,
          "7cddc7a8eed58de7e674057aad6407d7c36826bfce95b2a619df97c8a59b7e8a",
          2069
        ]
      ]
    },
    "locales\\lt.pak": {
      "sha256": "8ab4f82d9db626a96882aef8a720d0e9d04681657c7b927f9c4c8ccf4fabb0f3",
      "size": 4170,
      "segmentSize": 10000000,
      "segments": [
        [
          261870565337146,
          "8ab4f82d9db626a96882aef8a720d0e9d04681657c7b927f9c4c8ccf4fabb0f3",
          2234
        ]
      ]
    },
    "locales\\lv.pak": {
      "sha256": "5ed26e0a929f00112b566221ca007e8653308cb76461a3a4da605205f433b18f",
      "size": 4435,
      "segmentSize": 10000000,
      "segments": [
        [
          98423219338046,
          "5ed26e0a929f00112b566221ca007e8653308cb76461a3a4da605205f433b18f",
          2273
        ]
      ]
    },
    "locales\\ml.pak": {
      "sha256": "845707111c1b30b744661bf7cd620ef52c54c6ca4842ff3d298a92344cd5551e",
      "size": 10404,
      "segmentSize": 10000000,
      "segments": [
        [
          215215880468671,
          "845707111c1b30b744661bf7cd620ef52c54c6ca4842ff3d298a92344cd5551e",
          2797
        ]
      ]
    },
    "locales\\mr.pak": {
      "sha256": "ee61838dc7622f01b7f7eccf307b3322c4a5a199b22e97c984615821934462fa",
      "size": 7907,
      "segmentSize": 10000000,
      "segments": [
        [
          10099063210273,
          "ee61838dc7622f01b7f7eccf307b3322c4a5a199b22e97c984615821934462fa",
          2415
        ]
      ]
    },
    "locales\\ms.pak": {
      "sha256": "516583c249022f4142789fd7d8477f9c37a8336a01cad6f7ad78a7cfa80254f3",
      "size": 3786,
      "segmentSize": 10000000,
      "segments": [
        [
          140709537831485,
          "516583c249022f4142789fd7d8477f9c37a8336a01cad6f7ad78a7cfa80254f3",
          1984
        ]
      ]
    },
    "locales\\nb.pak": {
      "sha256": "683b2d295413b893b0ca9c91945c9872416b60e229728f06bd0172078dfd4fb6",
      "size": 3570,
      "segmentSize": 10000000,
      "segments": [
        [
          253681169911696,
          "683b2d295413b893b0ca9c91945c9872416b60e229728f06bd0172078dfd4fb6",
          2034
        ]
      ]
    },
    "locales\\nl.pak": {
      "sha256": "5e5ead33e5a0419e683b6111414d39be2e4c4f65aaeebddfce0bc4fe105aa8ab",
      "size": 3833,
      "segmentSize": 10000000,
      "segments": [
        [
          207934550505416,
          "5e5ead33e5a0419e683b6111414d39be2e4c4f65aaeebddfce0bc4fe105aa8ab",
          2071
        ]
      ]
    },
    "locales\\pl.pak": {
      "sha256": "cdb075935913b655b7bd9d06a9519752bda2b6d148bfa2850d5dd2a026769166",
      "size": 4026,
      "segmentSize": 10000000,
      "segments": [
        [
          116826768271631,
          "cdb075935913b655b7bd9d06a9519752bda2b6d148bfa2850d5dd2a026769166",
          2253
        ]
      ]
    },
    "locales\\pt-BR.pak": {
      "sha256": "8cabd3d633840b9e9dc15e3937abd94e53d291bdf89bc1d25085c1947d936981",
      "size": 4014,
      "segmentSize": 10000000,
      "segments": [
        [
          222549602825476,
          "8cabd3d633840b9e9dc15e3937abd94e53d291bdf89bc1d25085c1947d936981",
          2138
        ]
      ]
    },
    "locales\\pt-PT.pak": {
      "sha256": "b35754c50b70d44843f4f70ca651e9981a920ce8abb934df3cf8b24d634904e3",
      "size": 4049,
      "segmentSize": 10000000,
      "segments": [
        [
          123152986636639,
          "b35754c50b70d44843f4f70ca651e9981a920ce8abb934df3cf8b24d634904e3",
          2131
        ]
      ]
    },
    "locales\\ro.pak": {
      "sha256": "9c6d529101ff67d4774ebf4985d2d93dfd27faf571719459b4097c35a884e6f0",
      "size": 4366,
      "segmentSize": 10000000,
      "segments": [
        [
          22694741822266,
          "9c6d529101ff67d4774ebf4985d2d93dfd27faf571719459b4097c35a884e6f0",
          2215
        ]
      ]
    },
    "locales\\ru.pak": {
      "sha256": "ba5f34424adae8cb01c6ff83c2faaea1f1f03fe5ad2666a7c3d7b5dfb20120f9",
      "size": 6127,
      "segmentSize": 10000000,
      "segments": [
        [
          192474128499443,
          "ba5f34424adae8cb01c6ff83c2faaea1f1f03fe5ad2666a7c3d7b5dfb20120f9",
          2409
        ]
      ]
    },
    "locales\\sk.pak": {
      "sha256": "191f6a17b59d46e0b9613f51f27c9d37762cad89acb0f8db28b84f4528ec6890",
      "size": 4161,
      "segmentSize": 10000000,
      "segments": [
        [
          114629624083239,
          "191f6a17b59d46e0b9613f51f27c9d37762cad89acb0f8db28b84f4528ec6890",
          2323
        ]
      ]
    },
    "locales\\sl.pak": {
      "sha256": "ccd56efce186281ac1177001ad4888e53a2456f37ab5901f84022bf352c0129d",
      "size": 3955,
      "segmentSize": 10000000,
      "segments": [
        [
          99752192861008,
          "ccd56efce186281ac1177001ad4888e53a2456f37ab5901f84022bf352c0129d",
          2105
        ]
      ]
    },
    "locales\\sr.pak": {
      "sha256": "b2b88a34d1762bd28eb44defefd31c3d316597f08999c6d22190a02a8472cfed",
      "size": 6225,
      "segmentSize": 10000000,
      "segments": [
        [
          36255145321434,
          "b2b88a34d1762bd28eb44defefd31c3d316597f08999c6d22190a02a8472cfed",
          2444
        ]
      ]
    },
    "OculusClient.exe": {
      "sha256": "cf56edefa41db11fab5c081e003be59aa0ac577d2ed038d05e9c13116ee8aa3b",
      "size": 71224320,
      "segmentSize": 10000000,
      "segments": [
        [
          201966277258241,
          "587a1b90a8e4cb1361654ca63025488cb63c84ad28c91461b20536c518034c81",
          4718793
        ],
        [
          201156515191968,
          "2c718abaefc4bfd9ecf2531df11b0c371571c6533ff27b606b2277ab9c1a3652",
          4704290
        ],
        [
          97884817783617,
          "3400653cad78f1f3b419df216c74702609163fe1b2236774ba3f90044ccee637",
          4420173
        ],
        [
          42693873649950,
          "695573778111bb8e534c00e913ffcabf21954ed0a053adddcc2b539aa6f35968",
          4907451
        ],
        [
          191680256956752,
          "d0650dff951f1cb9b019073b35472a9864746231a2595da391cad8d600f096a3",
          4532698
        ],
        [
          64352635439714,
          "8f321d7acdaa126e2f8f1d26407c62b6f5ed6aea687374c659e3d7d969982b86",
          4588627
        ],
        [
          277805850058162,
          "08eaec13bd136dd102f6ce08df6c803afc0387df784080f235d13c83fec4176f",
          3511906
        ],
        [
          109442031861022,
          "dcfcc3db58f645be306bf6679597505c435423e1cde3c31b06ad26bc72f78db1",
          300144
        ]
      ]
    },
    "locales\\cs.pak": {
      "sha256": "675010ac052fc0feb165d94b3eaaae5d7f9eb6e25e37ee265cb2210703e50c0c",
      "size": 4035,
      "segmentSize": 10000000,
      "segments": [
        [
          75204256997193,
          "675010ac052fc0feb165d94b3eaaae5d7f9eb6e25e37ee265cb2210703e50c0c",
          2250
        ]
      ]
    },
    "resources\\app.asar.unpacked\\output\\OafIpc.node": {
      "sha256": "892ed516a68fa7516b793afba8bf7d56da493f60b48b936f770d831a0cba249f",
      "size": 297984,
      "segmentSize": 10000000,
      "segments": [
        [
          129859468506209,
          "892ed516a68fa7516b793afba8bf7d56da493f60b48b936f770d831a0cba249f",
          149938
        ]
      ]
    },
    "resources\\app.asar.unpacked\\output\\FocusManager.node": {
      "sha256": "1204077015e6d1e57c88e747adfb1584b407150f9376a96126e6ff5bff653b3e",
      "size": 274432,
      "segmentSize": 10000000,
      "segments": [
        [
          238124166944121,
          "1204077015e6d1e57c88e747adfb1584b407150f9376a96126e6ff5bff653b3e",
          138635
        ]
      ]
    },
    "resources\\app.asar": {
      "sha256": "f416873203079ec3567cf2577f613669a64a67416ddf6828d721c26d9667425d",
      "size": 325044259,
      "segmentSize": 10000000,
      "segments": [
        [
          267171827589916,
          "95d049bca47ab4ece5cb59f53f71b1d709c3edfb0269867d4586a90ee1910368",
          9751878
        ],
        [
          6842464656878,
          "f746fe1841a7e35a7b466a1650f9b457f64d0e382d71abcab78ea44909e55fef",
          9622103
        ],
        [
          151195990334845,
          "3e949a0512c982bb082845d3728f7cc7b3a90b68995590a48ae4623207daff92",
          9829258
        ],
        [
          225419772112598,
          "184222910b9ff28641b8472a62594f2dee8552065db2124e496f250b2ba0682f",
          9545932
        ],
        [
          51236260103552,
          "ad4dd4c94d327f865eda572489027ece64e9d7807903659ec4f1c7ef429b808d",
          9436876
        ],
        [
          100787095146333,
          "f737c8dd54a76558d4affbc4494ca4d17b718c84404629aea9ce9bf00ecd39e3",
          9724804
        ],
        [
          225811931771834,
          "19e2002d8fcae863315fe4a0932eae808b23499ac3926f63409810a7beb8e50d",
          9979003
        ],
        [
          175804148226841,
          "34834bcc8f9dbb796fecfa0ca749730481c4f041b3b6b4d7a0318194685fc675",
          9956561
        ],
        [
          211720362849199,
          "0b719d9aab1dad84ad6a6c3b81c98fe524684b06f7325fc3daa00f2c2769804f",
          9984514
        ],
        [
          77416717928402,
          "9c4474d69940123204c46c680aa309b5ac24e4a5150ad36e424186b7c545415b",
          9981912
        ],
        [
          4304228917717,
          "54b1de67d464761a4ff26ed3dd6cb568d8f7c33207ee7b96d2eaeebea84b272f",
          9986594
        ],
        [
          93007719126207,
          "9988141b392377829750a5b4e7fd80117711cf91423247e34f8dace479b3ed6f",
          9993347
        ],
        [
          217577793289718,
          "4ed48b461918bf55c065003e2f28d7425484fdcac260ce8005c1c46aa9fbdaf6",
          10003061
        ],
        [
          139910339711319,
          "7bad51a665905d7830b0ed6a7c8fa3c43aa826ed0b2aa5be5235d0c6d59eb768",
          10001235
        ],
        [
          79350056373972,
          "5ddfb77484bd5bf7ab0fd4474226d35133fa36b974ca45c621073644d5b17d64",
          9970645
        ],
        [
          103512806996402,
          "483544875ed3425ec87ac2c795c768cea1abd3aa130a9aee6d71ed9c58214ecb",
          10003061
        ],
        [
          133122496386290,
          "ea80e13f9e47b806796934ad3366562e4fad34c7d8e5f7cc78fdb7244f4a53f7",
          10003061
        ],
        [
          195627071143869,
          "6f85af0edc6012499eee65ab7aefdcb20d5dfea5bfac417f2be23a2594234472",
          10003061
        ],
        [
          55078814400226,
          "99ff7ba2b4436d598a588ef26226f5459dd8b6a70aff646a8ef25c1e9e3162db",
          10002397
        ],
        [
          33837951587247,
          "155752e73c879f09173281a2882bb6db8624920178fab7434113a43c41f70368",
          9621462
        ],
        [
          63996455948146,
          "000420df392635e599083246895588c0c3be8ab7df0fe0bb235012cfd9d01f7c",
          9734655
        ],
        [
          217226331091899,
          "9046e9c65c28fb9cadeee73b3a549b93f0ab6646b2bbde6bc050e18c89996d81",
          9452127
        ],
        [
          239497865381340,
          "f89b34e99680d40de0ff9f21eb9e7f7d75ee9602b8cb97e090429c6c9de87b5d",
          9548371
        ],
        [
          248491954408161,
          "594ee348ed5654d83b31c8be1688bad7578d703f6c39a6029d23eccd3341a991",
          9829169
        ],
        [
          153340530559753,
          "bd18fe231cd177152b096c3db1d03cc833d8262b439513e37c6d72a31641a087",
          9850504
        ],
        [
          170338597785769,
          "cb0e398e285b42922294744d71bea39ef9d89ac733b5b8bb8dfded4260836b7f",
          9250461
        ],
        [
          249581802613137,
          "924fe5113466455a636841fb8a94d8a64161fbddc561714c6cad847ee3d250d5",
          7661774
        ],
        [
          89900642554042,
          "46bb85aa49e0b304d3594ecd351822710364724ef6b3438ad72a11465b5be71a",
          9810391
        ],
        [
          75055895183884,
          "6e28e5cb26e2438ea5de0677aca1aceaca0707bae4c5e89092dbe66ba704d185",
          9693091
        ],
        [
          226061022609564,
          "399a112de67ed0ebfd64efd91015b8d27a829c1389c0d0b0c0585eb071b53215",
          10003056
        ],
        [
          62739503827019,
          "48d10a2a462b099c741480d9c5472824c5bd5135ec72a3e10de1ebcec82a148e",
          10003056
        ],
        [
          174428623088956,
          "8a141f599436f94071ae696b21674c80b0503bfd5083bba78778d9a002b3bd66",
          4359933
        ],
        [
          151200765325461,
          "a6be875b143c6bac446d7a0adb0c81d8a0a2f640b6d1108417763e50c9ea4410",
          1092925
        ]
      ]
    }
  },
  "dlcs": {},
  "assetFiles": {},
  "packageType": "CORE_APP",
  "isCore": true,
  "appId": "519080484913803",
  "canonicalName": "oculus-client",
  "launchFile": "OculusClient.exe",
  "launchParameters": "",
  "launchFile2D": null,
  "launchParameters2D": null,
  "version": "33.0.0.28.194",
  "versionCode": 1630366669,
  "redistributables": [],
  "firewallExceptionsRequired": false,
  "thirdParty": false,
  "manifestVersion": 1
}