{
  "parentCanonicalName": null,
  "files": {
    "Newtonsoft.Json.dll": {
      "sha256": "d85a80469a2adef70bad37afe0b9616b33752216f58c46d9a2bb2010b12e4cdf",
      "size": 535288,
      "segmentSize": 10000000,
      "segments": [
        [
          11054335135213,
          "d85a80469a2adef70bad37afe0b9616b33752216f58c46d9a2bb2010b12e4cdf",
          205606
        ]
      ]
    },
    "IconExtractor.dll": {
      "sha256": "d301d1654bca53012a9c9610dbe20b0bbd2bd52f03571a0c4bbc33a8ddc5e531",
      "size": 20216,
      "segmentSize": 10000000,
      "segments": [
        [
          158005892186247,
          "d301d1654bca53012a9c9610dbe20b0bbd2bd52f03571a0c4bbc33a8ddc5e531",
          10092
        ]
      ]
    },
    "OVRRedistributableInstaller.exe": {
      "sha256": "c482ff6d7228308a330af0276d167a96f3e61d9643017b7f013eca56f2b42902",
      "size": 136440,
      "segmentSize": 10000000,
      "segments": [
        [
          18036141242208,
          "c482ff6d7228308a330af0276d167a96f3e61d9643017b7f013eca56f2b42902",
          17649
        ]
      ]
    },
    "OafIpc.dll": {
      "sha256": "cd3c7cf46bf8070946fde4ee6b608741dcca7f17b9130318ad412a73e1f0455a",
      "size": 480504,
      "segmentSize": 10000000,
      "segments": [
        [
          4331750167506,
          "cd3c7cf46bf8070946fde4ee6b608741dcca7f17b9130318ad412a73e1f0455a",
          226811
        ]
      ]
    },
    "Daybreak.dll": {
      "sha256": "111a2edcdd53c9b237c513fb15dec431b8a0d1ff65de606e57866a8732c19403",
      "size": 298232,
      "segmentSize": 10000000,
      "segments": [
        [
          154028786002068,
          "111a2edcdd53c9b237c513fb15dec431b8a0d1ff65de606e57866a8732c19403",
          130506
        ]
      ]
    },
    "CommandLine.dll": {
      "sha256": "52bd132f7638ec1acbcee4438122cca54b6e4c10edb5423e84746c4b87a4ff73",
      "size": 193784,
      "segmentSize": 10000000,
      "segments": [
        [
          105061051328107,
          "52bd132f7638ec1acbcee4438122cca54b6e4c10edb5423e84746c4b87a4ff73",
          79492
        ]
      ]
    },
    "ColorThief.dll": {
      "sha256": "cce97c4872ca72c570ba3e952825bced85c0560b744d40c717dbef05377b9474",
      "size": 27896,
      "segmentSize": 10000000,
      "segments": [
        [
          85823480996387,
          "cce97c4872ca72c570ba3e952825bced85c0560b744d40c717dbef05377b9474",
          14136
        ]
      ]
    }
  },
  "dlcs": {},
  "assetFiles": {},
  "packageType": "CORE_APP",
  "isCore": true,
  "appId": "1190954377597673",
  "canonicalName": "oculus-redistributable-installer",
  "launchFile": "OVRRedistributableInstaller.exe",
  "launchParameters": "",
  "launchFile2D": null,
  "launchParameters2D": null,
  "version": "33.0.0.28.194",
  "versionCode": 1630366604,
  "redistributables": [],
  "firewallExceptionsRequired": false,
  "thirdParty": false,
  "manifestVersion": 1
}