{
  "parentCanonicalName": null,
  "files": {
    "version.txt": {
      "sha256": "c83ef8708afac46d94c8288f0efe5757a7a4eb7eb1dcf51e8e773a83da0ebf60",
      "size": 14,
      "segmentSize": 10000000,
      "segments": [
        [
          84825604742,
          "c83ef8708afac46d94c8288f0efe5757a7a4eb7eb1dcf51e8e773a83da0ebf60",
          20
        ]
      ]
    },
    "Daybreak.dll": {
      "sha256": "c32cbeebd982b0ac081137bd9fb2915621b32f247e4ebbca548f6a0af478d3d3",
      "size": 298232,
      "segmentSize": 10000000,
      "segments": [
        [
          155998531826847,
          "c32cbeebd982b0ac081137bd9fb2915621b32f247e4ebbca548f6a0af478d3d3",
          130502
        ]
      ]
    },
    "oculus-driver.exe": {
      "sha256": "14fbe1afb94df38390c73d239e46efe7dfdbf22160b7363b620ee0e6d20aef4c",
      "size": 25908984,
      "segmentSize": 10000000,
      "segments": [
        [
          272289118731821,
          "f391be22b14b1fb9f598548e7276e5cb6b08b20914e59f0a85027397c0516ee3",
          6891731
        ],
        [
          105098616930805,
          "aa57c1a05ad7f32ecae96cdfc920bb394e3fffee7666610187e673586b98049b",
          7463141
        ],
        [
          267707701312939,
          "3c7d53ff0fdd5876194bc8b5736ef9d1c805d8566e3318b4448f01f60fc2ef42",
          2321759
        ]
      ]
    },
    "Newtonsoft.Json.dll": {
      "sha256": "3d621c2eb2e230368c206d7a599c6ffa45be665bb665e674ccaa59d134e55127",
      "size": 535288,
      "segmentSize": 10000000,
      "segments": [
        [
          49625842580044,
          "3d621c2eb2e230368c206d7a599c6ffa45be665bb665e674ccaa59d134e55127",
          205608
        ]
      ]
    }
  },
  "dlcs": {},
  "assetFiles": {},
  "packageType": "CORE_APP",
  "isCore": true,
  "appId": "670216293113998",
  "canonicalName": "oculus-drivers",
  "launchFile": "oculus-driver.exe",
  "launchParameters": "",
  "launchFile2D": null,
  "launchParameters2D": null,
  "version": "33.0.0.28.194",
  "versionCode": 1630366467,
  "redistributables": [],
  "firewallExceptionsRequired": false,
  "thirdParty": false,
  "manifestVersion": 1
}