{
  "parentCanonicalName": null,
  "files": {
    "Dreamdeck_Danish.cmd": {
      "sha256": "da6733a7eee40b90187d9172b8547f0bc20b2c095022c0483674f7cbbcd678de",
      "size": 105,
      "segmentSize": 10000000,
      "segments": [
        [
          8850417657351,
          "da6733a7eee40b90187d9172b8547f0bc20b2c095022c0483674f7cbbcd678de",
          97
        ]
      ]
    },
    "Dreamdeck_Norwegian.cmd": {
      "sha256": "65151d675c9115066a862eac4cac5b9679e2bb769c8633a0d00187e7c65e8607",
      "size": 105,
      "segmentSize": 10000000,
      "segments": [
        [
          8856860108306,
          "65151d675c9115066a862eac4cac5b9679e2bb769c8633a0d00187e7c65e8607",
          97
        ]
      ]
    },
    "Dreamdeck\\PlayList.txt": {
      "sha256": "2908ef66dffa0af8e3a1acfad71b4d5321850ef140eca2f3313af7f43c56da03",
      "size": 10,
      "segmentSize": 10000000,
      "segments": [
        [
          86352331638,
          "2908ef66dffa0af8e3a1acfad71b4d5321850ef140eca2f3313af7f43c56da03",
          18
        ]
      ]
    },
    "Dreamdeck_Chinese_CN.cmd": {
      "sha256": "1fc2f9eed2b5314f66a6daec836c8d7b7e0e889bc5db8ad26add91371e3fb58c",
      "size": 108,
      "segmentSize": 10000000,
      "segments": [
        [
          9361669760802,
          "1fc2f9eed2b5314f66a6daec836c8d7b7e0e889bc5db8ad26add91371e3fb58c",
          100
        ]
      ]
    },
    "Dreamdeck_spanish_LA.cmd": {
      "sha256": "4fe2ab18915e86f0b11aef931f38ad51afe161c5b28e5709c04d6366aca970c4",
      "size": 108,
      "segmentSize": 10000000,
      "segments": [
        [
          9352979162900,
          "4fe2ab18915e86f0b11aef931f38ad51afe161c5b28e5709c04d6366aca970c4",
          100
        ]
      ]
    },
    "Dreamdeck_Polish.cmd": {
      "sha256": "b63594ac845550d193fc2970cbf6bdd84443926c359117f0392624bea9788781",
      "size": 105,
      "segmentSize": 10000000,
      "segments": [
        [
          8863738766878,
          "b63594ac845550d193fc2970cbf6bdd84443926c359117f0392624bea9788781",
          97
        ]
      ]
    },
    "Dreamdeck_Czech.cmd": {
      "sha256": "81128e4f5780bc8ec71cfd74225561dc3ed6aba9d69347472d9c33ebc2a298c0",
      "size": 105,
      "segmentSize": 10000000,
      "segments": [
        [
          8860098111000,
          "81128e4f5780bc8ec71cfd74225561dc3ed6aba9d69347472d9c33ebc2a298c0",
          97
        ]
      ]
    },
    "Dreamdeck_english.cmd": {
      "sha256": "2332f763a7a5ea4ee58c4783ec308b9de1311089b8ea869f127c6988ddf15e33",
      "size": 105,
      "segmentSize": 10000000,
      "segments": [
        [
          8858420389397,
          "2332f763a7a5ea4ee58c4783ec308b9de1311089b8ea869f127c6988ddf15e33",
          96
        ]
      ]
    },
    "Dreamdeck_french.cmd": {
      "sha256": "2cf903eaae707aa47b9fa91ad5888bb55a5142f04a5b9b709b3bf6a40a891894",
      "size": 105,
      "segmentSize": 10000000,
      "segments": [
        [
          8861289293338,
          "2cf903eaae707aa47b9fa91ad5888bb55a5142f04a5b9b709b3bf6a40a891894",
          97
        ]
      ]
    },
    "Dreamdeck_Finnish.cmd": {
      "sha256": "0db37bc897fa10142cae4533d433c0b16d7424cf6dc2e150be1928b44cc33c42",
      "size": 105,
      "segmentSize": 10000000,
      "segments": [
        [
          8856155465233,
          "0db37bc897fa10142cae4533d433c0b16d7424cf6dc2e150be1928b44cc33c42",
          97
        ]
      ]
    },
    "Dreamdeck\\PlayListNUX.txt": {
      "sha256": "24fed0b2032b4f7ee404f5cd43be2ad4f3afc6e0ce62349612214fdb3234a1d8",
      "size": 79,
      "segmentSize": 10000000,
      "segments": [
        [
          4100234155937,
          "24fed0b2032b4f7ee404f5cd43be2ad4f3afc6e0ce62349612214fdb3234a1d8",
          80
        ]
      ]
    },
    "Dreamdeck_italian.cmd": {
      "sha256": "f0025ee98adfa3a696fc092ad7af3d87bdb8d14fd328ddbe8fa76e52781b1e22",
      "size": 105,
      "segmentSize": 10000000,
      "segments": [
        [
          8864191751711,
          "f0025ee98adfa3a696fc092ad7af3d87bdb8d14fd328ddbe8fa76e52781b1e22",
          97
        ]
      ]
    },
    "Dreamdeck_Romanian.cmd": {
      "sha256": "35222bfd139e1c92368264b46cd22d1ea3b01aacec930211b2d43da4adb79080",
      "size": 105,
      "segmentSize": 10000000,
      "segments": [
        [
          8866624448035,
          "35222bfd139e1c92368264b46cd22d1ea3b01aacec930211b2d43da4adb79080",
          97
        ]
      ]
    },
    "Dreamdeck_Chinese_TW.cmd": {
      "sha256": "82c629fd2a81c829793d47e9a7f69d9684a4f252be545fca77ea32c3131d84f7",
      "size": 108,
      "segmentSize": 10000000,
      "segments": [
        [
          9376786032444,
          "82c629fd2a81c829793d47e9a7f69d9684a4f252be545fca77ea32c3131d84f7",
          100
        ]
      ]
    },
    "Dreamdeck_Turkish.cmd": {
      "sha256": "10bf08b4564b671c3507d13fda5a4d8e3b8ed2de3b1fdd90816e09f6eeb91a6f",
      "size": 105,
      "segmentSize": 10000000,
      "segments": [
        [
          8869510129192,
          "10bf08b4564b671c3507d13fda5a4d8e3b8ed2de3b1fdd90816e09f6eeb91a6f",
          97
        ]
      ]
    },
    "Dreamdeck_Portuguese_PT.cmd": {
      "sha256": "ee1bfc24e25230cc5a60106049b880608037ac8258b4fba8ff6df1465842ad5a",
      "size": 108,
      "segmentSize": 10000000,
      "segments": [
        [
          9373799687991,
          "ee1bfc24e25230cc5a60106049b880608037ac8258b4fba8ff6df1465842ad5a",
          100
        ]
      ]
    },
    "Dreamdeck_Dutch.cmd": {
      "sha256": "9faa252b728d9d039a20c7b77fbee15e1df814a9d0bd0881880a49a230b67282",
      "size": 105,
      "segmentSize": 10000000,
      "segments": [
        [
          8862564361756,
          "9faa252b728d9d039a20c7b77fbee15e1df814a9d0bd0881880a49a230b67282",
          97
        ]
      ]
    },
    "Dreamdeck\\PlayListRetail.txt": {
      "sha256": "bb76d31fb15623a47928c5b3bceac754299135ae4d762c661a75a99cc33c8746",
      "size": 79,
      "segmentSize": 10000000,
      "segments": [
        [
          4204118677654,
          "bb76d31fb15623a47928c5b3bceac754299135ae4d762c661a75a99cc33c8746",
          80
        ]
      ]
    },
    "Dreamdeck_Japanese.cmd": {
      "sha256": "94fbb1b620636df40f3f5ad07e5597680621e93d0b0f0068a4102ca41fcf6894",
      "size": 105,
      "segmentSize": 10000000,
      "segments": [
        [
          8853940872717,
          "94fbb1b620636df40f3f5ad07e5597680621e93d0b0f0068a4102ca41fcf6894",
          97
        ]
      ]
    },
    "Dreamdeck_Greek.cmd": {
      "sha256": "a24f05c09b9af250d1114afe56dd3790870e9914040407bfe2758f165c131345",
      "size": 105,
      "segmentSize": 10000000,
      "segments": [
        [
          8857279538707,
          "a24f05c09b9af250d1114afe56dd3790870e9914040407bfe2758f165c131345",
          97
        ]
      ]
    },
    "Dreamdeck\\PlayListAll.txt": {
      "sha256": "8e9b5a84c1730bd0aa3fdf753fa47005ea4dec9a225754291e3b4b4bb8bf507a",
      "size": 144,
      "segmentSize": 10000000,
      "segments": [
        [
          13325790358188,
          "8e9b5a84c1730bd0aa3fdf753fa47005ea4dec9a225754291e3b4b4bb8bf507a",
          126
        ]
      ]
    },
    "Dreamdeck_Swedish.cmd": {
      "sha256": "b11f9e677658a81cb2be8967e27a4f6e529f9ee645f5a3d79c834dbbdb0833d8",
      "size": 105,
      "segmentSize": 10000000,
      "segments": [
        [
          8871204628011,
          "b11f9e677658a81cb2be8967e27a4f6e529f9ee645f5a3d79c834dbbdb0833d8",
          97
        ]
      ]
    },
    "Engine\\Binaries\\Win64\\OculusSpatializer.xml": {
      "sha256": "90ae23de8a59f954c8d2f1e7263277e9d093954a11b685cb9c5591ce383ffe6c",
      "size": 11278,
      "segmentSize": 10000000,
      "segments": [
        [
          58634927895898,
          "90ae23de8a59f954c8d2f1e7263277e9d093954a11b685cb9c5591ce383ffe6c",
          1265
        ]
      ]
    },
    "Dreamdeck_german.cmd": {
      "sha256": "a415ab27699e75bb15f1f1cb7bf09aad03b9b2d2dba874c6799e740ae237facd",
      "size": 105,
      "segmentSize": 10000000,
      "segments": [
        [
          8852699358731,
          "a415ab27699e75bb15f1f1cb7bf09aad03b9b2d2dba874c6799e740ae237facd",
          97
        ]
      ]
    },
    "Dreamdeck_Korean.cmd": {
      "sha256": "a3071126977dbe6b4eb928327face4e3eda817080acc2abfee364dd1d99a2253",
      "size": 105,
      "segmentSize": 10000000,
      "segments": [
        [
          8862514030108,
          "a3071126977dbe6b4eb928327face4e3eda817080acc2abfee364dd1d99a2253",
          97
        ]
      ]
    },
    "Dreamdeck_Portuguese_BR.cmd": {
      "sha256": "520aebf166a302a7fd50fca546f10f13aa4726825bdd69dc5db248745dcb9a2e",
      "size": 108,
      "segmentSize": 10000000,
      "segments": [
        [
          9364438001447,
          "520aebf166a302a7fd50fca546f10f13aa4726825bdd69dc5db248745dcb9a2e",
          100
        ]
      ]
    },
    "Manifest_DebugFiles.txt": {
      "sha256": "01f8e1d0bfd020ce62e796138b2d15f96971a40a91b91eb8f31222446dd99e17",
      "size": 80,
      "segmentSize": 10000000,
      "segments": [
        [
          4850947463339,
          "01f8e1d0bfd020ce62e796138b2d15f96971a40a91b91eb8f31222446dd99e17",
          78
        ]
      ]
    },
    "Dreamdeck_Chinese_HK.cmd": {
      "sha256": "5992aeb1eb88d628fbc62316fffe8405b5f9239e293842f0786befc7eea6ab4e",
      "size": 108,
      "segmentSize": 10000000,
      "segments": [
        [
          9362894497572,
          "5992aeb1eb88d628fbc62316fffe8405b5f9239e293842f0786befc7eea6ab4e",
          100
        ]
      ]
    },
    "Dreamdeck_Russian.cmd": {
      "sha256": "9377ca4bf7d17ba82098cf8201a9a8b2f2e373d2af3df78e94ca966cd57f82ef",
      "size": 105,
      "segmentSize": 10000000,
      "segments": [
        [
          8870047000105,
          "9377ca4bf7d17ba82098cf8201a9a8b2f2e373d2af3df78e94ca966cd57f82ef",
          97
        ]
      ]
    },
    "Engine\\Binaries\\ThirdParty\\Vorbis\\Win64\\VS2013\\libvorbis_64.dll": {
      "sha256": "fdf2851d1e125a42a1d98b3c27d21af50240ac5b10f87d6afe8f83b0e80ebe6d",
      "size": 1703424,
      "segmentSize": 10000000,
      "segments": [
        [
          83005690779122,
          "fdf2851d1e125a42a1d98b3c27d21af50240ac5b10f87d6afe8f83b0e80ebe6d",
          240555
        ]
      ]
    },
    "Engine\\Binaries\\Win64\\OculusSpatializer.dll": {
      "sha256": "676c7d30514a38ffc63477abb76f928335dddc298a5b5d43d228e61061f0d24b",
      "size": 1718272,
      "segmentSize": 10000000,
      "segments": [
        [
          224233203358492,
          "676c7d30514a38ffc63477abb76f928335dddc298a5b5d43d228e61061f0d24b",
          941293
        ]
      ]
    },
    "Engine\\Binaries\\ThirdParty\\PhysX\\PhysX-3.3\\Win64\\VS2013\\PhysX3CommonPROFILE_x64.dll": {
      "sha256": "79124645d499cf315ae0b1be0cfe9d7c3c1f055b5d7863c0fc07a81593cf6049",
      "size": 1988608,
      "segmentSize": 10000000,
      "segments": [
        [
          235091256442267,
          "79124645d499cf315ae0b1be0cfe9d7c3c1f055b5d7863c0fc07a81593cf6049",
          730421
        ]
      ]
    },
    "Engine\\Binaries\\ThirdParty\\PhysX\\PhysX-3.3\\Win64\\VS2013\\nvToolsExt64_1.dll": {
      "sha256": "81bd0159a73411791fa1606fe2426b763cc055ac1a50c141ce7e890392ece10a",
      "size": 42496,
      "segmentSize": 10000000,
      "segments": [
        [
          104219850989527,
          "81bd0159a73411791fa1606fe2426b763cc055ac1a50c141ce7e890392ece10a",
          20030
        ]
      ]
    },
    "Dreamdeck\\Binaries\\Win64\\OculusSpatializer.dll": {
      "sha256": "676c7d30514a38ffc63477abb76f928335dddc298a5b5d43d228e61061f0d24b",
      "size": 1718272,
      "segmentSize": 10000000,
      "segments": [
        [
          224233203358492,
          "676c7d30514a38ffc63477abb76f928335dddc298a5b5d43d228e61061f0d24b",
          941293
        ]
      ]
    },
    "Engine\\Binaries\\ThirdParty\\PhysX\\APEX-1.3\\Win64\\VS2013\\APEX_LegacyPROFILE_x64.dll": {
      "sha256": "b97580a80c9b5b12d5e24547d01ccb4f6d54204674e1feec9c8ea5fc40c9de44",
      "size": 4087808,
      "segmentSize": 10000000,
      "segments": [
        [
          256441984992221,
          "b97580a80c9b5b12d5e24547d01ccb4f6d54204674e1feec9c8ea5fc40c9de44",
          909742
        ]
      ]
    },
    "Engine\\Binaries\\ThirdParty\\PhysX\\PhysX-3.3\\Win64\\VS2013\\PhysX3PROFILE_x64.dll": {
      "sha256": "8b4b4bc53a5fe3c3d8641df9fcec82de32708ee8eb7e2733c86a4a0bdb4e2eeb",
      "size": 3880448,
      "segmentSize": 10000000,
      "segments": [
        [
          278697086170176,
          "8b4b4bc53a5fe3c3d8641df9fcec82de32708ee8eb7e2733c86a4a0bdb4e2eeb",
          1391496
        ]
      ]
    },
    "Engine\\Binaries\\ThirdParty\\Vorbis\\Win64\\VS2013\\libvorbisfile_64.dll": {
      "sha256": "be3cc32e5d170cda5751e68fe4417cfc1a4cd947025cd55a20678464f52a2414",
      "size": 35840,
      "segmentSize": 10000000,
      "segments": [
        [
          152041593525103,
          "be3cc32e5d170cda5751e68fe4417cfc1a4cd947025cd55a20678464f52a2414",
          17626
        ]
      ]
    },
    "Dreamdeck\\Binaries\\Win64\\XAPOFX1_5.dll": {
      "sha256": "e47dcf74d50403b376c562e4121e359e5886e42fcc60b3fa8ba53e6826854c49",
      "size": 77656,
      "segmentSize": 10000000,
      "segments": [
        [
          113415932817091,
          "e47dcf74d50403b376c562e4121e359e5886e42fcc60b3fa8ba53e6826854c49",
          38479
        ]
      ]
    },
    "Engine\\Binaries\\ThirdParty\\PhysX\\APEX-1.3\\Win64\\VS2013\\ApexFrameworkPROFILE_x64.dll": {
      "sha256": "6a8456cbbb5032d10d3794a33f7bd1b5fd56454dabfabd48b579562729a81e0e",
      "size": 1487872,
      "segmentSize": 10000000,
      "segments": [
        [
          106442967787638,
          "6a8456cbbb5032d10d3794a33f7bd1b5fd56454dabfabd48b579562729a81e0e",
          523662
        ]
      ]
    },
    "Dreamdeck\\Binaries\\Win64\\X3DAudio1_7.dll": {
      "sha256": "9460709339701ad471a5cabe6365355f4d586dc4fcb86507c1331839dc555446",
      "size": 24920,
      "segmentSize": 10000000,
      "segments": [
        [
          110172624036536,
          "9460709339701ad471a5cabe6365355f4d586dc4fcb86507c1331839dc555446",
          13407
        ]
      ]
    },
    "Engine\\Binaries\\ThirdParty\\PhysX\\PhysX-3.3\\Win64\\VS2013\\PhysX3CookingPROFILE_x64.dll": {
      "sha256": "e6d40364e754b109ee7bfc30b0fdcdac24f7147d897b728db0411ad42d8f76b0",
      "size": 190976,
      "segmentSize": 10000000,
      "segments": [
        [
          14320713655058,
          "e6d40364e754b109ee7bfc30b0fdcdac24f7147d897b728db0411ad42d8f76b0",
          92935
        ]
      ]
    },
    "Engine\\Binaries\\ThirdParty\\PhysX\\APEX-1.3\\Win64\\VS2013\\APEX_ClothingPROFILE_x64.dll": {
      "sha256": "0e66d8dfaed862b96703f0d6be1110525660d0c6cc3805ff60c6e6ee3da89584",
      "size": 1627136,
      "segmentSize": 10000000,
      "segments": [
        [
          97373668067869,
          "0e66d8dfaed862b96703f0d6be1110525660d0c6cc3805ff60c6e6ee3da89584",
          660882
        ]
      ]
    },
    "Engine\\Binaries\\ThirdParty\\Ogg\\Win64\\VS2013\\libogg_64.dll": {
      "sha256": "1f2e1e1e1995f485ebe9d1012b04b74c72a8362aa9e37703f7a4831b53659e6a",
      "size": 39936,
      "segmentSize": 10000000,
      "segments": [
        [
          68007908597929,
          "1f2e1e1e1995f485ebe9d1012b04b74c72a8362aa9e37703f7a4831b53659e6a",
          11195
        ]
      ]
    },
    "Engine\\Binaries\\ThirdParty\\PhysX\\APEX-1.3\\Win64\\VS2013\\APEX_DestructiblePROFILE_x64.dll": {
      "sha256": "53adc060502ef151ba6bb8e0babf73858b28845a7c2825d1c82c127b47d4e015",
      "size": 2169344,
      "segmentSize": 10000000,
      "segments": [
        [
          151815376424565,
          "53adc060502ef151ba6bb8e0babf73858b28845a7c2825d1c82c127b47d4e015",
          795519
        ]
      ]
    },
    "Dreamdeck.cmd": {
      "sha256": "fbae32c2583040688bdb0aa0a94b205112ff6b0a533728c532ab3828187deb7d",
      "size": 85,
      "segmentSize": 10000000,
      "segments": [
        [
          5791260090017,
          "fbae32c2583040688bdb0aa0a94b205112ff6b0a533728c532ab3828187deb7d",
          77
        ]
      ]
    },
    "Dreamdeck.exe": {
      "sha256": "e1ad09f56edb344250cb002f4b6c26b5a79330f3062b784041d4460913ad0642",
      "size": 160256,
      "segmentSize": 10000000,
      "segments": [
        [
          236909152616978,
          "e1ad09f56edb344250cb002f4b6c26b5a79330f3062b784041d4460913ad0642",
          86499
        ]
      ]
    },
    "TCbuildID.txt": {
      "sha256": "5217faf9d3cd010e7e1c3f28f4fa4ca826e1ba3c8a686e9cfc41fa90db40097d",
      "size": 10,
      "segmentSize": 10000000,
      "segments": [
        [
          46036681133,
          "5217faf9d3cd010e7e1c3f28f4fa4ca826e1ba3c8a686e9cfc41fa90db40097d",
          18
        ]
      ]
    },
    "Dreamdeck_spanish.cmd": {
      "sha256": "ea7b165a7be1cfe99a705011614b5d08ef5a18aa73afdba391d7292960fc4c4f",
      "size": 108,
      "segmentSize": 10000000,
      "segments": [
        [
          9359136401183,
          "ea7b165a7be1cfe99a705011614b5d08ef5a18aa73afdba391d7292960fc4c4f",
          100
        ]
      ]
    },
    "Manifest_NonUFSFiles.txt": {
      "sha256": "d6fdfe2d8f62e002e1036a9b4d3a67cc58d263a263b9e3567033738daae40bcd",
      "size": 1396,
      "segmentSize": 10000000,
      "segments": [
        [
          170661817462613,
          "d6fdfe2d8f62e002e1036a9b4d3a67cc58d263a263b9e3567033738daae40bcd",
          365
        ]
      ]
    },
    "Dreamdeck\\Binaries\\Win64\\Dreamdeck-Win64-Shipping.exe": {
      "sha256": "1d23f9d49764531e33b14fdcdbf2d6754fb1fcfbf0abaf3f0e639df8a13619f2",
      "size": 39533056,
      "segmentSize": 10000000,
      "segments": [
        [
          104767732066026,
          "e17b407939bdbde2f0ea7db59156b3b120c04fdd321fcc1e826c9083a4fcf13f",
          4008431
        ],
        [
          118316630486227,
          "1414217d2f134a82127e3bc7ad429a569ff035c43d997b09e5e70c69a7a01b62",
          4066592
        ],
        [
          241172609737384,
          "8b7d03071ed627e0ef41dffe73d14a5413e8599a42ba7c013649b3a0c4feb849",
          3248482
        ],
        [
          186137252767576,
          "165d7dd0b4a1de025ceae5bd82dff93d49dbb796b716e4b9d820f5e441ae2e63",
          2456473
        ]
      ]
    },
    "Dreamdeck\\Content\\Paks\\Dreamdeck-WindowsNoEditor.pak": {
      "sha256": "577a4221cc7d451f7ff6af3050431b4ce6331abb3120039122dec211b3efc272",
      "size": 548279909,
      "segmentSize": 10000000,
      "segments": [
        [
          140978940092698,
          "f9d59668b445b843e6aa8391610b3317e10d99579080d4f75a8baa2d74978061",
          9928024
        ],
        [
          265261560173481,
          "9f29d5f5421a8a69d06e62ce5f7e0e2dfd7cc80232b5dc1b2c325778413c69fb",
          9989051
        ],
        [
          48809859776366,
          "ccb346a9c3279d80a8520456e834ccbc02f2df31f28fb9bb518f8c4bb9b0964c",
          9974088
        ],
        [
          14381828349290,
          "ad5bd3aa21bf19b5257029feb7725508680ecac7a60cd53e6ff27136e0d500da",
          9943211
        ],
        [
          216783375068571,
          "4def60b9592998a3b1286a79442b0c70c42863711de21b747cddfbcfc18a3e5c",
          9891776
        ],
        [
          180166044574331,
          "94ee8ccff86983dd2e13826bb6257954d6f20b7487bb0dafad0f84d220f9c0bf",
          9948842
        ],
        [
          266450597975578,
          "5a5efa74592f2376c9605f6fb5bbee72d45935b7808499ed01705eb5fa0368d2",
          9934689
        ],
        [
          34794725215834,
          "d28d4881e2e7c95bccb5e051a8e214cff9ab91a6183f536c8d53a8e4902fd21e",
          9995929
        ],
        [
          14021057824170,
          "6729b10a217bbc870b2a31086f5d3c30d01e8c58a5ea144a8298f9bb06c42982",
          9931544
        ],
        [
          39905244395595,
          "fa91fea294c90272719811e029ba716f85e53d75748905fec8cbc3baf6bc7e09",
          9969666
        ],
        [
          242251468892028,
          "c3a0566c2e68c2ec4e3aa1a6d6631e3c81a69a3f8982ceab3ae50362705dceb0",
          9986895
        ],
        [
          75028835767218,
          "44f82f397e24d1e92a8318481bfa5b99f3b460658a7206c56accd117e40791cb",
          9990038
        ],
        [
          139179235110178,
          "f39192bf6c289df975ff777db5a8e9765e6bd19ba34ad5e7a24d7a2941c849d6",
          9939390
        ],
        [
          168252760273087,
          "3354974c246b9a3d0ee4bdaabaa8cb23b9604677bdafb97938d65b0648693c6f",
          9943211
        ],
        [
          43580341098633,
          "d849c17c55893bfdbe02ee78a5eca57e0230f4a3644eab9e1a2012acd5d902f8",
          9946984
        ],
        [
          161114821507880,
          "b14105210967270cc7ffa23975ca924cd7ca93dd6c2b61014549386410072b5d",
          9969130
        ],
        [
          50744686939328,
          "ad7a5afd2dba9e62943fb8a73b87ae7e6be9aac29673977d46950c2ae54607fc",
          9944029
        ],
        [
          219560762856186,
          "e4081ae25fdb85d1a040c2d3e567c1f603bffed6d38d51868ab86aa381934ed4",
          9926834
        ],
        [
          101871492278310,
          "59bee08fc4ad3058d244a0616b74621a9855c1154202bfdb49a452f77b8170b0",
          9994248
        ],
        [
          201893931612941,
          "cbb3cf8d9d5a7cff02fb4458d51d84664b729b135ae745474dfd63d6a5b54948",
          9999695
        ],
        [
          189141602089894,
          "4cb18279b6fecb9174860c405eff7c0f6031a4952677f87b25f7aac7a8be3110",
          9947041
        ],
        [
          167534797612557,
          "294a0df34989b946aabfbdb31053f751b2d024b009dcbd9545f32b9d2dadd171",
          9944565
        ],
        [
          95725632467227,
          "dedf7134ee0b24e4a1f7eac9476b962b2363506de58c1e008d2d9e3321ee7557",
          9983640
        ],
        [
          178378163564987,
          "f2b5e2477b86877947448c776300aec1363c1fee59ab809ee2317dbe07c4795b",
          9945902
        ],
        [
          217000318740259,
          "2c0690788daa64ff85b3a119a54c84630d9e45b5cdfc0c31bbe4507a1b19724d",
          9930595
        ],
        [
          213466140151648,
          "02f8f60f84cc00941b8c0fd416297175f9436bc590cac9cfe2bdd9247878f775",
          9998436
        ],
        [
          73564311389631,
          "22ead98accd77a1c6536d936f483367801bb4d187a93b7ca764762f34c905471",
          9852631
        ],
        [
          5666719685806,
          "5da456dd2c2e98dead86799e692c7fc70b4054183fb51a2e269692daf3f1c81c",
          9996933
        ],
        [
          107711703832671,
          "774063fed4a130bea0827eba377640e4b9768035c987e780c1b4ee612ab763fd",
          10002212
        ],
        [
          121202421582327,
          "8eb4ad8aa74202bb50c04047f91b296cc7c4b48852b40099e27a30c6dcde9d59",
          9994425
        ],
        [
          106945167904683,
          "89ab43e498af4eb91dc9a011c798fd8662300168e99809957c9472c3b20192d3",
          10003056
        ],
        [
          18338682823348,
          "2731dc553d640d0ba18ad5b8275832602fdfa6a3e2e75d3f7b951a49f3de4438",
          9990217
        ],
        [
          102030698565256,
          "90691e254d36d457f6e140b9f9cce1bad002d0ae8cbec51280dacdd22a85cbc2",
          9920298
        ],
        [
          99055575648666,
          "265f8469015d522c4950c062de134f511194cb30707ce9b18f26a1360260dd93",
          9877414
        ],
        [
          190393119033089,
          "f3c509a1632f79f465e78393393af5b1acd87829326f41aa90d415a0e64b796e",
          9912738
        ],
        [
          118387147010833,
          "7c4bd59700447322399ecf11e7172c7ad75df9d9557b326800736c0e7df19272",
          9997809
        ],
        [
          7070009572313,
          "21fb74143bade317ff172297fc7eda485c912318481fd2485dd70ec5224b79c4",
          9985562
        ],
        [
          81009302059478,
          "c502ab2aec9931329380963f7bddc98594782503530fc2d7428df7ca4431da12",
          9983429
        ],
        [
          22128093107543,
          "f8ea35dc3da759c4ab6d7ec71ccd1503966e15e6d8a37ade7270464ca75c25e6",
          9993978
        ],
        [
          37914473717554,
          "8c92a848a57e58cd07fabaf76159c35a9f8790a3ae5d31b160b47029d7af69e9",
          9995153
        ],
        [
          230697927812364,
          "ba86a5d54e58881e8fcfa2c70c52ac5e91e13de47dbc5530e28337be3d5f6b2d",
          9987630
        ],
        [
          267603825063733,
          "f90dde214f0701a7862e0d9dbc7e8f6378c7bc7b3c4eb515f5c360079546ff89",
          9981983
        ],
        [
          178906653381173,
          "dc6022a9b908f3a4c9a3632c989e96b4b5b571716f39d4539f5455415a4eef50",
          9982128
        ],
        [
          107303272549149,
          "90f5ae5762d31324ee29812de73ae79fb4d90073e9e49128ae4725cb89bd5f8f",
          9994393
        ],
        [
          24976971295491,
          "295ceff7887ccfd066067588e897e04bc3037341b932cc8c3306804258c251d3",
          9983722
        ],
        [
          73897996432390,
          "6ce1fb1a6f988d967e6e924160847bb1f3037b984549b7d791d3b6e82f9e1007",
          9949205
        ],
        [
          142151044653033,
          "72e6e12292fbde98c7bc108eb27f73bb57682fe55807ab4766e705b02b6c759d",
          9796259
        ],
        [
          84504885394614,
          "bcb6aa9ae38597161093ea64944c7ade25ab9ffe302eadfd01aec0273d95df7a",
          9938014
        ],
        [
          202392751799986,
          "0d93f062ec5453510f8616210222e841f51500c7ff51fdc4f5ec6112be9134eb",
          9882030
        ],
        [
          237395740484689,
          "d0ab5b767d0de1200a423b791e1d579d121159803ff0f67830fc86521de7f76b",
          9926886
        ],
        [
          104912894362993,
          "ed407a64493b3ff05bb622b38c3cb34dd090cd72a2a3cc9cfaba73d18fcab101",
          10003037
        ],
        [
          41256263412966,
          "8f9b424a5277edda1975b7d8e592ce8953026aa4f54e71707c0c13cc806c2eec",
          10003048
        ],
        [
          188859425736302,
          "3bdc966dc3bb4ccd46d86da33f302f5eac5e98699ab7c271be8afebdc37e4768",
          9927163
        ],
        [
          44406715352993,
          "997751c14bc9a66796bd31d5d3d35ece0b9c15f2a8744f755cf66437fa488bb0",
          9715911
        ],
        [
          216717292912847,
          "de12ea7c400606f1b1f48761c7462d22f694dc7fd692fb335970ae350bb46373",
          6324951
        ]
      ]
    }
  },
  "dlcs": {},
  "assetFiles": {},
  "packageType": "CORE_APP",
  "isCore": true,
  "appId": "919445174798085",
  "canonicalName": "oculus-dreamdeck-nux",
  "launchFile": "Dreamdeck.exe",
  "launchParameters": "-vr -dreamdeck=NUX",
  "launchFile2D": null,
  "launchParameters2D": "",
  "version": "24",
  "versionCode": 53,
  "redistributables": [],
  "firewallExceptionsRequired": false,
  "thirdParty": false,
  "manifestVersion": 1
}