{
  "parentCanonicalName": null,
  "files": {
    "CompatLibDynamic.dll": {
      "sha256": "2931d7379375483e31f403f09390a347ad78cc345d13a51e8e95fe3c9c81b9db",
      "size": 903096,
      "segmentSize": 10000000,
      "segments": [
        [
          178501870439195,
          "2931d7379375483e31f403f09390a347ad78cc345d13a51e8e95fe3c9c81b9db",
          440093
        ]
      ]
    },
    "CompatToolCommandLine.exe": {
      "sha256": "d37dc98b8ed28ab5eec8f0e428534c64081267c878b9bd2401080dfcf4b8e161",
      "size": 952248,
      "segmentSize": 10000000,
      "segments": [
        [
          241875511908393,
          "d37dc98b8ed28ab5eec8f0e428534c64081267c878b9bd2401080dfcf4b8e161",
          464876
        ]
      ]
    },
    "OculusCompatCheck.exe": {
      "sha256": "1919641356fbdc4265daace384b35172587245bc8615beaa0762f1589fd48565",
      "size": 13172664,
      "segmentSize": 10000000,
      "segments": [
        [
          210288524362844,
          "3a17c9ef712e3ff959a421d778cab180a1ff64ccc5e84853cecf0c119e6e2b64",
          4833708
        ],
        [
          50314670072266,
          "829425fa5c0e018ac1ffb654cd9857aada50d0f56a51d43916c38a1f4e5d33f5",
          1514514
        ]
      ]
    }
  },
  "dlcs": {},
  "assetFiles": {},
  "packageType": "CORE_APP",
  "isCore": true,
  "appId": "1522986184659833",
  "canonicalName": "oculus-compat",
  "launchFile": "OculusCompatCheck.exe",
  "launchParameters": "",
  "launchFile2D": null,
  "launchParameters2D": null,
  "version": "1.41.0.296630",
  "versionCode": 1568590930,
  "redistributables": [],
  "firewallExceptionsRequired": false,
  "thirdParty": false,
  "manifestVersion": 1
}