{
  "parentCanonicalName": null,
  "files": {
    "oculus-platform-runtime.exe": {
      "sha256": "566cbae68aaa16649b2225d9117fd0b306f265f145999b3387264eb05041ba6a",
      "size": 10195192,
      "segmentSize": 10000000,
      "segments": [
        [
          139114008788950,
          "970b927025bd887c94128fe0e9b823a843d9ad2de6eac399a2eeb6ab14115c62",
          5007616
        ],
        [
          239508837402667,
          "faa3b44675389af3a9a1722ca43b31ef1ec6114432e3b6fdf80312fe967a0004",
          95252
        ]
      ]
    },
    "FBCapture.dll": {
      "sha256": "9610c76f3055e4e4fa1b93831fb5a9b8c7dad05dfec991a705d68ba3edc5d5f4",
      "size": 3991288,
      "segmentSize": 10000000,
      "segments": [
        [
          144531411258977,
          "9610c76f3055e4e4fa1b93831fb5a9b8c7dad05dfec991a705d68ba3edc5d5f4",
          1468224
        ]
      ]
    }
  },
  "dlcs": {},
  "assetFiles": {},
  "packageType": "CORE_APP",
  "isCore": true,
  "appId": "1577286108957239",
  "canonicalName": "oculus-platform-runtime",
  "launchFile": "oculus-platform-runtime.exe",
  "launchParameters": "",
  "launchFile2D": null,
  "launchParameters2D": null,
  "version": "33.0.0.28.194",
  "versionCode": 1630365860,
  "redistributables": [],
  "firewallExceptionsRequired": false,
  "thirdParty": false,
  "manifestVersion": 1
}