{
  "parentCanonicalName": null,
  "files": {
    "OafIpc.dll": {
      "sha256": "0a40d9bad5dbec5b7ac81041accb21307cf3c0501d21d09bea392432a946c0d9",
      "size": 480504,
      "segmentSize": 10000000,
      "segments": [
        [
          268451636450114,
          "0a40d9bad5dbec5b7ac81041accb21307cf3c0501d21d09bea392432a946c0d9",
          226809
        ]
      ]
    },
    "ColorThief.dll": {
      "sha256": "dd2ad836b607d0461c392d809f77470f5214180d39120f403a0a16543eca73ed",
      "size": 27896,
      "segmentSize": 10000000,
      "segments": [
        [
          184472068236026,
          "dd2ad836b607d0461c392d809f77470f5214180d39120f403a0a16543eca73ed",
          14140
        ]
      ]
    },
    "IconExtractor.dll": {
      "sha256": "40740441a3cd1843aa57f47d94aa835d755d3a8083421a0c3d248adb1254673b",
      "size": 20216,
      "segmentSize": 10000000,
      "segments": [
        [
          211307359074662,
          "40740441a3cd1843aa57f47d94aa835d755d3a8083421a0c3d248adb1254673b",
          10096
        ]
      ]
    },
    "Newtonsoft.Json.dll": {
      "sha256": "adc41cf4e1c5d3f677eab1b5ffb5ffaf6cd8af9354839b4a65138e66ffd4b166",
      "size": 535288,
      "segmentSize": 10000000,
      "segments": [
        [
          162683558558315,
          "adc41cf4e1c5d3f677eab1b5ffb5ffaf6cd8af9354839b4a65138e66ffd4b166",
          205615
        ]
      ]
    },
    "Daybreak.dll": {
      "sha256": "c47de1f0d5dd3bf6311d048d4dee295b16d4aeeb42d5b410c340fd2a2e105743",
      "size": 298232,
      "segmentSize": 10000000,
      "segments": [
        [
          19533780956035,
          "c47de1f0d5dd3bf6311d048d4dee295b16d4aeeb42d5b410c340fd2a2e105743",
          130496
        ]
      ]
    },
    "CommandLine.dll": {
      "sha256": "51607638ecb4d12ca4bf0d8b38ba28bc82d8c74caf32eb96de576fbe8432495c",
      "size": 193784,
      "segmentSize": 10000000,
      "segments": [
        [
          92747933738949,
          "51607638ecb4d12ca4bf0d8b38ba28bc82d8c74caf32eb96de576fbe8432495c",
          79491
        ]
      ]
    },
    "OVRLibrarian.exe": {
      "sha256": "fff756f75aa3a30bd019ce110b1be07bddaa29c6de3faec346a88dacabd40545",
      "size": 322296,
      "segmentSize": 10000000,
      "segments": [
        [
          35238015892160,
          "fff756f75aa3a30bd019ce110b1be07bddaa29c6de3faec346a88dacabd40545",
          115235
        ]
      ]
    },
    "OVRLibraryService.exe": {
      "sha256": "1d8bb2f2f5e2d1ca35a30f3b7245243593f1168b13dbb9752c2b3387da23d06d",
      "size": 144632,
      "segmentSize": 10000000,
      "segments": [
        [
          233153504561124,
          "1d8bb2f2f5e2d1ca35a30f3b7245243593f1168b13dbb9752c2b3387da23d06d",
          21441
        ]
      ]
    },
    "libcrypto.dll": {
      "sha256": "043d31a28e07c11e8510619854472747d9df0a9a15fcc4450de77467b7205ef5",
      "size": 2399992,
      "segmentSize": 10000000,
      "segments": [
        [
          148320068168909,
          "043d31a28e07c11e8510619854472747d9df0a9a15fcc4450de77467b7205ef5",
          1114174
        ]
      ]
    },
    "DaybreakNative.dll": {
      "sha256": "4182c571894254dc30c786b575ca950510137b80773ed9dc9b353cbf199e92bb",
      "size": 125176,
      "segmentSize": 10000000,
      "segments": [
        [
          257043535026187,
          "4182c571894254dc30c786b575ca950510137b80773ed9dc9b353cbf199e92bb",
          64052
        ]
      ]
    }
  },
  "dlcs": {},
  "assetFiles": {},
  "packageType": "CORE_APP",
  "isCore": true,
  "appId": "386768564867197",
  "canonicalName": "oculus-librarian",
  "launchFile": "OVRLibrarian.exe",
  "launchParameters": "",
  "launchFile2D": null,
  "launchParameters2D": null,
  "version": "33.0.0.28.194",
  "versionCode": 1630366397,
  "redistributables": [],
  "firewallExceptionsRequired": false,
  "thirdParty": false,
  "manifestVersion": 1
}