{
  "parentCanonicalName": null,
  "files": {
    "ETW\\IHVETW\\install_ihv_manifests.cmd": {
      "sha256": "bd80a1c6a3c0298311f7b71505e60a9a9426b6a66b8b7269566bda083c238fb0",
      "size": 2351,
      "segmentSize": 10000000,
      "segments": [
        [
          249029804099502,
          "bd80a1c6a3c0298311f7b71505e60a9a9426b6a66b8b7269566bda083c238fb0",
          1018
        ]
      ]
    },
    "ETW\\IHVETW\\setup.bat": {
      "sha256": "0cd3f45b75b7bdf1efca5ad5a75638dcbf21317db095646a876579a75bdab8f7",
      "size": 503,
      "segmentSize": 10000000,
      "segments": [
        [
          191176309256754,
          "0cd3f45b75b7bdf1efca5ad5a75638dcbf21317db095646a876579a75bdab8f7",
          214
        ]
      ]
    },
    "ETW\\IHVETW\\DirectModeETW.dll": {
      "sha256": "9b367806d8cc24d51af869ab8d045839030ad458d3dc575b572dd1dc71610536",
      "size": 9728,
      "segmentSize": 10000000,
      "segments": [
        [
          266381740454361,
          "9b367806d8cc24d51af869ab8d045839030ad458d3dc575b572dd1dc71610536",
          2021
        ]
      ]
    },
    "ETW\\OVRUSBVidEvents.man": {
      "sha256": "4383a1859c360fc416cc789f9eb588276be4358cc2b43fe79c2b4f43db1a3044",
      "size": 10724,
      "segmentSize": 10000000,
      "segments": [
        [
          210846253630618,
          "4383a1859c360fc416cc789f9eb588276be4358cc2b43fe79c2b4f43db1a3044",
          1461
        ]
      ]
    },
    "ETW\\IHVETW\\README.txt": {
      "sha256": "56ed766268a88c84df1a3475e56fc6d790c799eb06daae9f5c4eca50ccc314fb",
      "size": 1781,
      "segmentSize": 10000000,
      "segments": [
        [
          95012713029421,
          "56ed766268a88c84df1a3475e56fc6d790c799eb06daae9f5c4eca50ccc314fb",
          812
        ]
      ]
    },
    "ETW\\OculusVadApoEvent.man": {
      "sha256": "11cfa8b69298d6ab3afefdea069af06653d1a65a023d1f5bf0615cdc573b580f",
      "size": 2015,
      "segmentSize": 10000000,
      "segments": [
        [
          76975326792434,
          "11cfa8b69298d6ab3afefdea069af06653d1a65a023d1f5bf0615cdc573b580f",
          721
        ]
      ]
    },
    "ETW\\LibOVREvents.man": {
      "sha256": "2aa801464c51ed1d11a8bf157f0bfcdb7a54a9ac4e44c2efba15e9b333b42714",
      "size": 49663,
      "segmentSize": 10000000,
      "segments": [
        [
          70600861028310,
          "2aa801464c51ed1d11a8bf157f0bfcdb7a54a9ac4e44c2efba15e9b333b42714",
          5570
        ]
      ]
    },
    "ETW\\EventsForStackTrace.txt": {
      "sha256": "0aa3b2c8348ecbb10b7ee6044827def176316ada7dbe3425826eed3fbf0ad055",
      "size": 30,
      "segmentSize": 10000000,
      "segments": [
        [
          737375423197,
          "0aa3b2c8348ecbb10b7ee6044827def176316ada7dbe3425826eed3fbf0ad055",
          38
        ]
      ]
    },
    "ETW\\IHVETW\\DirectModeETW.man": {
      "sha256": "9d6f61fbe2509783f9ed9c424e3d18d436723ddc6006e810c567f59009e18369",
      "size": 9832,
      "segmentSize": 10000000,
      "segments": [
        [
          128962450392324,
          "9d6f61fbe2509783f9ed9c424e3d18d436723ddc6006e810c567f59009e18369",
          1570
        ]
      ]
    },
    "CameraCalibrationTool\\Assets\\in_VID5.xml": {
      "sha256": "2e535849a24046b391562adcbce11ab37cfd33fdf5856050281428808543ceca",
      "size": 2985,
      "segmentSize": 10000000,
      "segments": [
        [
          147531204125449,
          "2e535849a24046b391562adcbce11ab37cfd33fdf5856050281428808543ceca",
          1073
        ]
      ]
    },
    "CameraCalibrationTool\\third_party_notices.txt": {
      "sha256": "4de1ff4af420fb7fbf93e6222d5420ed5252b5adc795afe8877fe7543ab69486",
      "size": 5411,
      "segmentSize": 10000000,
      "segments": [
        [
          205473316269465,
          "4de1ff4af420fb7fbf93e6222d5420ed5252b5adc795afe8877fe7543ab69486",
          2043
        ]
      ]
    },
    "ETW\\install.cmd": {
      "sha256": "34e0d33611c38981d5e15f63a011a66c6c46f5494d5d541049050ebfe4787a4b",
      "size": 4812,
      "segmentSize": 10000000,
      "segments": [
        [
          104797756063953,
          "34e0d33611c38981d5e15f63a011a66c6c46f5494d5d541049050ebfe4787a4b",
          1728
        ]
      ]
    },
    "ETW\\ovrlog.cmd": {
      "sha256": "85199e0789b78feaf4c2688ea34d671ecf4b687dc33bbe91e724e83fc42a4144",
      "size": 19932,
      "segmentSize": 10000000,
      "segments": [
        [
          30123425704444,
          "85199e0789b78feaf4c2688ea34d671ecf4b687dc33bbe91e724e83fc42a4144",
          4976
        ]
      ]
    },
    "CameraCalibrationTool\\Assets\\LeftController.xml": {
      "sha256": "f27e3e97dd71d43754163f1d9d1b178566e227417e15fdc229570ffb674dfdd9",
      "size": 3307068,
      "segmentSize": 10000000,
      "segments": [
        [
          1217616499259,
          "f27e3e97dd71d43754163f1d9d1b178566e227417e15fdc229570ffb674dfdd9",
          904907
        ]
      ]
    },
    "CameraCalibrationTool\\Assets\\pattern.png": {
      "sha256": "429db0b1803258c4ff58e1476e151bcb4647fa3b7f24f8d964cb166b698794b9",
      "size": 22255,
      "segmentSize": 10000000,
      "segments": [
        [
          240362461340003,
          "429db0b1803258c4ff58e1476e151bcb4647fa3b7f24f8d964cb166b698794b9",
          10932
        ]
      ]
    },
    "ETW\\ovrlog_win10.cmd": {
      "sha256": "ea311da67462f6cff9922b85e49a4990fb25d82478236355517afb6e9e265f62",
      "size": 17399,
      "segmentSize": 10000000,
      "segments": [
        [
          221600147569260,
          "ea311da67462f6cff9922b85e49a4990fb25d82478236355517afb6e9e265f62",
          5514
        ]
      ]
    },
    "CameraCalibrationTool\\Assets\\Tuscany.xml": {
      "sha256": "df3d28d6f83167b209ee96c591817e8c2689d28f7244ff5f7c3b4a7d656a4762",
      "size": 14786349,
      "segmentSize": 10000000,
      "segments": [
        [
          131863416957830,
          "9e13ef334c6bc857a4d52fe56405904fee4bb49d85a2c91465f24fb59bb47a05",
          2761662
        ],
        [
          256453067501099,
          "47d06c581c64cefd8f528eed8b7abbc7d756c37acdc4a01ece3737ed85245824",
          943760
        ]
      ]
    },
    "OculusDebugTool.exe": {
      "sha256": "fd3ca85bf282f89234d1d0c2cbd9b446c0d136f3300b324076110e872889b40e",
      "size": 9350904,
      "segmentSize": 10000000,
      "segments": [
        [
          175741240852873,
          "fd3ca85bf282f89234d1d0c2cbd9b446c0d136f3300b324076110e872889b40e",
          3665785
        ]
      ]
    },
    "CameraCalibrationTool\\opencv_world320.dll": {
      "sha256": "2e3ced8260745f263b1d4b100b55ce0d315160ca2c73e6cee391bf8b9daa7219",
      "size": 41852664,
      "segmentSize": 10000000,
      "segments": [
        [
          237059202687549,
          "58beea02da1f4375b3915a4d8014bc327954eeae7c9a1379b6b68ae2157aec77",
          3398864
        ],
        [
          106747350551752,
          "c003d35989a8e4c32a27028c2ecc0f97bb52f8354f2d38c0b329c4d7334338aa",
          3207017
        ],
        [
          103364113544238,
          "7712f2fa523250468af1a904f381bb5a216941e8cd4823e6a66ff7cc45cbd41d",
          4035593
        ],
        [
          158544102345962,
          "8bdaa4ab312b41ab2846b1af7689ac47e77888a3f0b8cf67f016205aa4b17d9b",
          2570539
        ],
        [
          45657991170979,
          "4ff44ff3c3485651cc6e10129ad82c8e25c79a769fb92d149eb04e05a91bf8f2",
          673809
        ]
      ]
    },
    "OafIpc.dll": {
      "sha256": "179f1a8f715aea3991085a7e503eb2254e443aa12eb0fa34518c82fe1cb32e0a",
      "size": 368376,
      "segmentSize": 10000000,
      "segments": [
        [
          148791930874796,
          "179f1a8f715aea3991085a7e503eb2254e443aa12eb0fa34518c82fe1cb32e0a",
          189918
        ]
      ]
    },
    "Fixer.exe": {
      "sha256": "227fe0602ac508f11acbb839fcb3700e1ea02d39b68ea65a94121e3b3259ec5d",
      "size": 388344,
      "segmentSize": 10000000,
      "segments": [
        [
          114612405626816,
          "227fe0602ac508f11acbb839fcb3700e1ea02d39b68ea65a94121e3b3259ec5d",
          127086
        ]
      ]
    },
    "OculusVRCValidator.exe": {
      "sha256": "fe1c71a57ac563c24797b94356e2b95945f652cc2fe655dc2ceaeaba2fe04c98",
      "size": 1643256,
      "segmentSize": 10000000,
      "segments": [
        [
          14004333802382,
          "fe1c71a57ac563c24797b94356e2b95945f652cc2fe655dc2ceaeaba2fe04c98",
          664832
        ]
      ]
    },
    "OculusLogGatherer.exe": {
      "sha256": "b42f0f512c8010a0487e808e547e4cd3bd163eeb380e6c43a34618429fe17afc",
      "size": 462072,
      "segmentSize": 10000000,
      "segments": [
        [
          198402000380729,
          "b42f0f512c8010a0487e808e547e4cd3bd163eeb380e6c43a34618429fe17afc",
          56384
        ]
      ]
    },
    "Newtonsoft.Json.dll": {
      "sha256": "ce013875e3829243d24ec0bcdb0b8aa217bd9639bd307ca4a4bebbd63c270143",
      "size": 535288,
      "segmentSize": 10000000,
      "segments": [
        [
          145190743962537,
          "ce013875e3829243d24ec0bcdb0b8aa217bd9639bd307ca4a4bebbd63c270143",
          205604
        ]
      ]
    },
    "Daybreak.dll": {
      "sha256": "984ad79500acfabe8519e869cd50c3dc2dd34affa16de1c2bd43099e1bc39e93",
      "size": 298232,
      "segmentSize": 10000000,
      "segments": [
        [
          220304208241685,
          "984ad79500acfabe8519e869cd50c3dc2dd34affa16de1c2bd43099e1bc39e93",
          130492
        ]
      ]
    },
    "CommandLine.dll": {
      "sha256": "46f5a96ffd9192e4a66c8c4e4e5ae57bb3574f873065f7835a99740a4a35bbd6",
      "size": 193784,
      "segmentSize": 10000000,
      "segments": [
        [
          64514731336131,
          "46f5a96ffd9192e4a66c8c4e4e5ae57bb3574f873065f7835a99740a4a35bbd6",
          79488
        ]
      ]
    },
    "CameraCalibrationTool\\CameraTool.exe": {
      "sha256": "f54492b4b7f695c2de3fe1c387027cd51b5a2ee8af73adadcd49ae1934a93e05",
      "size": 1723640,
      "segmentSize": 10000000,
      "segments": [
        [
          187970195462117,
          "f54492b4b7f695c2de3fe1c387027cd51b5a2ee8af73adadcd49ae1934a93e05",
          736161
        ]
      ]
    },
    "CameraCalibrationTool\\d3dcompiler_47.dll": {
      "sha256": "372a65a62cd469c5b14be4c8966e03e054c64cd6ee39b44650fe5c6a78fd3c0d",
      "size": 4167416,
      "segmentSize": 10000000,
      "segments": [
        [
          47974316339004,
          "372a65a62cd469c5b14be4c8966e03e054c64cd6ee39b44650fe5c6a78fd3c0d",
          1751672
        ]
      ]
    },
    "OculusMirror.exe": {
      "sha256": "f67224f6b12a880a25f12854bff5773a0859373d55a03ce8a6636b7656f634e1",
      "size": 776440,
      "segmentSize": 10000000,
      "segments": [
        [
          258027660385474,
          "f67224f6b12a880a25f12854bff5773a0859373d55a03ce8a6636b7656f634e1",
          361391
        ]
      ]
    },
    "OculusDebugToolCLI.exe": {
      "sha256": "2e065d93feeb934bdc0c679c18fe94e2acc17fda22ba8942c8aaacfe2512eea9",
      "size": 1222904,
      "segmentSize": 10000000,
      "segments": [
        [
          42336236532379,
          "2e065d93feeb934bdc0c679c18fe94e2acc17fda22ba8942c8aaacfe2512eea9",
          520397
        ]
      ]
    }
  },
  "dlcs": {},
  "assetFiles": {},
  "packageType": "CORE_APP",
  "isCore": true,
  "appId": "827064807402789",
  "canonicalName": "oculus-diagnostics",
  "launchFile": "OculusDebugTool.exe",
  "launchParameters": "",
  "launchFile2D": null,
  "launchParameters2D": null,
  "version": "33.0.0.28.194",
  "versionCode": 1630366521,
  "redistributables": [],
  "firewallExceptionsRequired": false,
  "thirdParty": false,
  "manifestVersion": 1
}