{
  "parentCanonicalName": null,
  "files": {
    "LibOVRPlatform64.dll": {
      "sha256": "0655695451c49508b6fa3e6651f8390ba2aef654e0fd5944f353e9dcc8e72f74",
      "size": 2338728,
      "segmentSize": 10000000,
      "segments": [
        [
          245772795025343,
          "0655695451c49508b6fa3e6651f8390ba2aef654e0fd5944f353e9dcc8e72f74",
          1049028
        ]
      ]
    },
    "oculus_openxr_32.json": {
      "sha256": "ef46e48f1b207dfd14b421c7f31e3c20ef49ecbdf58c14168ca13806b256a52b",
      "size": 146,
      "segmentSize": 10000000,
      "segments": [
        [
          12473054799628,
          "ef46e48f1b207dfd14b421c7f31e3c20ef49ecbdf58c14168ca13806b256a52b",
          123
        ]
      ]
    },
    "DbgModel.dll": {
      "sha256": "12a61142872c0a5a1cd4a86bb11b00ee3cbb65f177bc0e3abf2d7d1fd82c6f5c",
      "size": 689216,
      "segmentSize": 10000000,
      "segments": [
        [
          88271821510372,
          "12a61142872c0a5a1cd4a86bb11b00ee3cbb65f177bc0e3abf2d7d1fd82c6f5c",
          275198
        ]
      ]
    },
    "dbghelp.dll": {
      "sha256": "813b916a992cccff2bb6960abde910eeaac56fd711e4ad1373cf56783e2684ea",
      "size": 1945640,
      "segmentSize": 10000000,
      "segments": [
        [
          182952425156175,
          "813b916a992cccff2bb6960abde910eeaac56fd711e4ad1373cf56783e2684ea",
          821722
        ]
      ]
    },
    "d3dcompiler_47.dll": {
      "sha256": "e994847e01a6f1e4cbdc5a864616ac262f67ee4f14db194984661a8d927ab7f4",
      "size": 4173928,
      "segmentSize": 10000000,
      "segments": [
        [
          255576191677864,
          "e994847e01a6f1e4cbdc5a864616ac262f67ee4f14db194984661a8d927ab7f4",
          1756414
        ]
      ]
    },
    "Assets\\oculus-avatar-editor\\cover_square_image.jpg": {
      "sha256": "4559950d956852ec6f7680e2a699898dc9baf9c32790a8cccc62d1355a52cf0c",
      "size": 285296,
      "segmentSize": 10000000,
      "segments": [
        [
          179302019085910,
          "4559950d956852ec6f7680e2a699898dc9baf9c32790a8cccc62d1355a52cf0c",
          284171
        ]
      ]
    },
    "Assets\\oculus-avatar-editor\\cover_landscape_image.jpg": {
      "sha256": "1530812473dc3a0c05c3fa7264b7502de3c81a201addd2331e91345d1ec33d2b",
      "size": 124252,
      "segmentSize": 10000000,
      "segments": [
        [
          49781858618481,
          "1530812473dc3a0c05c3fa7264b7502de3c81a201addd2331e91345d1ec33d2b",
          123537
        ]
      ]
    },
    "symsrv.dll": {
      "sha256": "53a17d88c57bb1db81defc7f7d1be890423d9063889977f0497f7fc66f3e0307",
      "size": 229928,
      "segmentSize": 10000000,
      "segments": [
        [
          191195721001585,
          "53a17d88c57bb1db81defc7f7d1be890423d9063889977f0497f7fc66f3e0307",
          96775
        ]
      ]
    },
    "Assets\\oculus-touch-tutorial\\cover_square_image.jpg": {
      "sha256": "29de3b5c85826cf700a80c33844e2ad990bbbb780280dee3638d70fcba8082f9",
      "size": 146407,
      "segmentSize": 10000000,
      "segments": [
        [
          210702289543069,
          "29de3b5c85826cf700a80c33844e2ad990bbbb780280dee3638d70fcba8082f9",
          145867
        ]
      ]
    },
    "Assets\\oculus-touch-tutorial\\cover_landscape_image.jpg": {
      "sha256": "888e327723ddcc4c56f9b03811321ed11c57ceaea885c931e435d734c588e0e6",
      "size": 110050,
      "segmentSize": 10000000,
      "segments": [
        [
          216079903481197,
          "888e327723ddcc4c56f9b03811321ed11c57ceaea885c931e435d734c588e0e6",
          109303
        ]
      ]
    },
    "Assets\\OculusLibrary.ico": {
      "sha256": "24b0b7bb4b680ce4efc9abd54941b20a5c2bd5fa39f50be4712c4327a6b552c7",
      "size": 153400,
      "segmentSize": 10000000,
      "segments": [
        [
          267379467552973,
          "24b0b7bb4b680ce4efc9abd54941b20a5c2bd5fa39f50be4712c4327a6b552c7",
          13766
        ]
      ]
    },
    "Assets\\oculus-worlds\\cover_square_image.jpg": {
      "sha256": "345d1389397334dba82ae42c891248b0bfecbc96c610e34d13ee3f558055d7a4",
      "size": 115886,
      "segmentSize": 10000000,
      "segments": [
        [
          203730899483287,
          "345d1389397334dba82ae42c891248b0bfecbc96c610e34d13ee3f558055d7a4",
          111987
        ]
      ]
    },
    "Assets\\oculus-dreamdeck-nux\\cover_landscape_image.jpg": {
      "sha256": "38759204b02b3aedd4426f6356ff9bc4d77589dcfd4153c77446c8df994a2328",
      "size": 93936,
      "segmentSize": 10000000,
      "segments": [
        [
          25581894605525,
          "38759204b02b3aedd4426f6356ff9bc4d77589dcfd4153c77446c8df994a2328",
          93283
        ]
      ]
    },
    "Assets\\oculus-dreamdeck-nux\\cover_square_image.jpg": {
      "sha256": "3aaada1b8dd474395c9ffda899bfd0765bd8088c5d43e60bc9b758a7fcc68037",
      "size": 119096,
      "segmentSize": 10000000,
      "segments": [
        [
          129018668503040,
          "3aaada1b8dd474395c9ffda899bfd0765bd8088c5d43e60bc9b758a7fcc68037",
          118372
        ]
      ]
    },
    "Assets\\oculus-client\\logo_transparent_image.png": {
      "sha256": "5ffbd87e7b684c76ddeecc32afee98ac2e8919549e3e8b90c212ddc4c675d5a7",
      "size": 45119,
      "segmentSize": 10000000,
      "segments": [
        [
          229133974411807,
          "5ffbd87e7b684c76ddeecc32afee98ac2e8919549e3e8b90c212ddc4c675d5a7",
          13073
        ]
      ]
    },
    "Assets\\oculus-client\\cover_landscape_image.jpg": {
      "sha256": "4e60fd2434be6c0aeabfdd4626b17710129e5eed26addb094af375073d88d060",
      "size": 8758,
      "segmentSize": 10000000,
      "segments": [
        [
          107868440088491,
          "4e60fd2434be6c0aeabfdd4626b17710129e5eed26addb094af375073d88d060",
          3910
        ]
      ]
    },
    "mobileconfig\\MobileConfigMetadata.json": {
      "sha256": "3aa572ba50f9e5dea12ede492d1ad809416b057b3b4c5ac8e8f24616a582cbf4",
      "size": 16064,
      "segmentSize": 10000000,
      "segments": [
        [
          78768308907869,
          "3aa572ba50f9e5dea12ede492d1ad809416b057b3b4c5ac8e8f24616a582cbf4",
          3070
        ]
      ]
    },
    "Assets\\default.png": {
      "sha256": "b1578e9639ed1a83a80cdf2b51a454359771d097d8c8358f612795c617992731",
      "size": 4320,
      "segmentSize": 10000000,
      "segments": [
        [
          265147424082181,
          "b1578e9639ed1a83a80cdf2b51a454359771d097d8c8358f612795c617992731",
          1724
        ]
      ]
    },
    "oculus_p2p_32.dll": {
      "sha256": "a63c155aa28a82febcf3a058e2d92ca3644898ec90df56c4f70c3163b81ab761",
      "size": 5642664,
      "segmentSize": 10000000,
      "segments": [
        [
          259950992335107,
          "a63c155aa28a82febcf3a058e2d92ca3644898ec90df56c4f70c3163b81ab761",
          2697922
        ]
      ]
    },
    "xinput1_3.dll": {
      "sha256": "756cad002e1553cfa1a91ebe8c1b9380ffabe0b4b1916c4a4db802396ddfbef8",
      "size": 107368,
      "segmentSize": 10000000,
      "segments": [
        [
          191093052889419,
          "756cad002e1553cfa1a91ebe8c1b9380ffabe0b4b1916c4a4db802396ddfbef8",
          49565
        ]
      ]
    },
    "oculus_openxr_64.json": {
      "sha256": "de46eece1d2daa3a97312d3caff64e2acba4a8471d34a69f822c84326fc7daf7",
      "size": 146,
      "segmentSize": 10000000,
      "segments": [
        [
          12474531194641,
          "de46eece1d2daa3a97312d3caff64e2acba4a8471d34a69f822c84326fc7daf7",
          123
        ]
      ]
    },
    "THIRD_PARTY_NOTICES.txt": {
      "sha256": "b178322eef8f4c0f388bb7f267ab43ee3733585ccb72a094d3e72d5805ea42f7",
      "size": 179304,
      "segmentSize": 10000000,
      "segments": [
        [
          220611883416987,
          "b178322eef8f4c0f388bb7f267ab43ee3733585ccb72a094d3e72d5805ea42f7",
          35190
        ]
      ]
    },
    "Compatibility.json": {
      "sha256": "5e191dde0b649d0ddfcf87226a5d8acacdb73d967f3462bc0ce0c2adaedd39a1",
      "size": 101451,
      "segmentSize": 10000000,
      "segments": [
        [
          231634051424090,
          "5e191dde0b649d0ddfcf87226a5d8acacdb73d967f3462bc0ce0c2adaedd39a1",
          6842
        ]
      ]
    },
    "LibOVRPlatform32.dll": {
      "sha256": "11735c23afe5dac9ced0bfab89d960d6b1bf62cf0f9cb1b2cc4ce9e2c037ef6b",
      "size": 1839528,
      "segmentSize": 10000000,
      "segments": [
        [
          92249344180504,
          "11735c23afe5dac9ced0bfab89d960d6b1bf62cf0f9cb1b2cc4ce9e2c037ef6b",
          905829
        ]
      ]
    },
    "OvrAvatarAssets.zip": {
      "sha256": "f10ce4363df4fa2ef0aab9a968e51375881d753af96dd2a3274c7f11a336a751",
      "size": 12816127,
      "segmentSize": 10000000,
      "segments": [
        [
          116292895500031,
          "cda81174a6ef0ca958b701adc720cf39c269f3ed697a1bbd173cd320602c7c95",
          9763248
        ],
        [
          268145402110246,
          "27ea69deb641ec13f746b7a5d38ce7575f89ec54e916eab9b141e7ef27d22428",
          2756486
        ]
      ]
    },
    "translations\\da_DK.json": {
      "sha256": "9d6c103f3d8813183954e83a425ce0ed96e3d8abc658a87c9baba8c31b0df960",
      "size": 18323,
      "segmentSize": 10000000,
      "segments": [
        [
          275475311680821,
          "9d6c103f3d8813183954e83a425ce0ed96e3d8abc658a87c9baba8c31b0df960",
          4983
        ]
      ]
    },
    "translations\\cs_CZ.json": {
      "sha256": "01b67d54c09979134ec9785dd0057bd834669217a60b5ea4bb0c709633a4e62d",
      "size": 20362,
      "segmentSize": 10000000,
      "segments": [
        [
          119222203792089,
          "01b67d54c09979134ec9785dd0057bd834669217a60b5ea4bb0c709633a4e62d",
          5279
        ]
      ]
    },
    "translations\\el_GR.json": {
      "sha256": "133670c0eb41b762372701add03f2b236cb773104d1513ef98d80e1fddd2bcb3",
      "size": 40087,
      "segmentSize": 10000000,
      "segments": [
        [
          119969043034510,
          "133670c0eb41b762372701add03f2b236cb773104d1513ef98d80e1fddd2bcb3",
          6408
        ]
      ]
    },
    "translations\\en_GB.json": {
      "sha256": "3e9f10bc9609b063467cb1ef12651c6ae3b953040329beb1775da676cb109668",
      "size": 17530,
      "segmentSize": 10000000,
      "segments": [
        [
          272021436490600,
          "3e9f10bc9609b063467cb1ef12651c6ae3b953040329beb1775da676cb109668",
          3850
        ]
      ]
    },
    "translations\\de_DE.json": {
      "sha256": "680afc06190bcf9bf420f6e410cf5063c967cebc4fd010374ab638fc58086e90",
      "size": 18899,
      "segmentSize": 10000000,
      "segments": [
        [
          79430606773113,
          "680afc06190bcf9bf420f6e410cf5063c967cebc4fd010374ab638fc58086e90",
          5197
        ]
      ]
    },
    "translations\\en_US.json": {
      "sha256": "ccd38c843b756b82566fdc4893da4dd94bbe87e6fe5d0394bcb4236640087af9",
      "size": 17483,
      "segmentSize": 10000000,
      "segments": [
        [
          156717620384389,
          "ccd38c843b756b82566fdc4893da4dd94bbe87e6fe5d0394bcb4236640087af9",
          3782
        ]
      ]
    },
    "translations\\es_ES.json": {
      "sha256": "505381f99f2e7efe9d3fd92d8e3734e4f878182565a7ff898f3e7c3cc08aeb5a",
      "size": 19352,
      "segmentSize": 10000000,
      "segments": [
        [
          229304631442968,
          "505381f99f2e7efe9d3fd92d8e3734e4f878182565a7ff898f3e7c3cc08aeb5a",
          5044
        ]
      ]
    },
    "translations\\es_LA.json": {
      "sha256": "044d866a7007a504ded7200398a3890dd5121e6fe69a132b58601df44ef2bfe3",
      "size": 18874,
      "segmentSize": 10000000,
      "segments": [
        [
          175507615881600,
          "044d866a7007a504ded7200398a3890dd5121e6fe69a132b58601df44ef2bfe3",
          4974
        ]
      ]
    },
    "translations\\fi_FI.json": {
      "sha256": "92a1d6574fc8d2b2915b11084c5d814945165b7001f410c8ee7179eb07e3a5e2",
      "size": 18909,
      "segmentSize": 10000000,
      "segments": [
        [
          266636520709496,
          "92a1d6574fc8d2b2915b11084c5d814945165b7001f410c8ee7179eb07e3a5e2",
          5082
        ]
      ]
    },
    "translations\\it_IT.json": {
      "sha256": "355d5d7ef9a22b6a56519d1a0eb1b3a1f125f3198ab90184b6088c55e5b63848",
      "size": 18459,
      "segmentSize": 10000000,
      "segments": [
        [
          65708035228434,
          "355d5d7ef9a22b6a56519d1a0eb1b3a1f125f3198ab90184b6088c55e5b63848",
          4966
        ]
      ]
    },
    "translations\\ja_JP.json": {
      "sha256": "66b2a5557e7e621a2c4b3931dd886363dba5dfa24f97d6e87ddf59035b1b9c62",
      "size": 25730,
      "segmentSize": 10000000,
      "segments": [
        [
          266485710741361,
          "66b2a5557e7e621a2c4b3931dd886363dba5dfa24f97d6e87ddf59035b1b9c62",
          5514
        ]
      ]
    },
    "translations\\ko_KR.json": {
      "sha256": "d158aba30597fb3c66af30c3857d7f8a8373b6dd039d4cde09b7635d12609587",
      "size": 23024,
      "segmentSize": 10000000,
      "segments": [
        [
          165231806248849,
          "d158aba30597fb3c66af30c3857d7f8a8373b6dd039d4cde09b7635d12609587",
          5330
        ]
      ]
    },
    "translations\\fr_FR.json": {
      "sha256": "4f8e887d1956cba2d43dbef43467c1787e1d7e533c12cfc5c24d0c06688acf05",
      "size": 19611,
      "segmentSize": 10000000,
      "segments": [
        [
          249711765921191,
          "4f8e887d1956cba2d43dbef43467c1787e1d7e533c12cfc5c24d0c06688acf05",
          5213
        ]
      ]
    },
    "translations\\nl_NL.json": {
      "sha256": "961012d714a16fa9c66867423a7ff0508ddd3b3695add85b908df0878eed1e0e",
      "size": 17881,
      "segmentSize": 10000000,
      "segments": [
        [
          155361115406307,
          "961012d714a16fa9c66867423a7ff0508ddd3b3695add85b908df0878eed1e0e",
          4941
        ]
      ]
    },
    "translations\\nb_NO.json": {
      "sha256": "16767e0108c743927bbee407a598298da05896408324d052ecc010230202f260",
      "size": 18295,
      "segmentSize": 10000000,
      "segments": [
        [
          238941564886257,
          "16767e0108c743927bbee407a598298da05896408324d052ecc010230202f260",
          4971
        ]
      ]
    },
    "translations\\pl_PL.json": {
      "sha256": "71fb0afffb4b7c935343aa29eac258277fc3ed3078dbeee394bfefdf77e205da",
      "size": 19449,
      "segmentSize": 10000000,
      "segments": [
        [
          248247148492322,
          "71fb0afffb4b7c935343aa29eac258277fc3ed3078dbeee394bfefdf77e205da",
          5224
        ]
      ]
    },
    "translations\\pt_PT.json": {
      "sha256": "b9fb3c2391c31edf9f6acb8a3214b8f09c242e19ef88311b4541412fe6ad2457",
      "size": 19208,
      "segmentSize": 10000000,
      "segments": [
        [
          197540059937305,
          "b9fb3c2391c31edf9f6acb8a3214b8f09c242e19ef88311b4541412fe6ad2457",
          5058
        ]
      ]
    },
    "translations\\pt_BR.json": {
      "sha256": "9ecabb96e87d9d584827d228d251415bba447ee567245fa62c21dd6b388b74a3",
      "size": 19356,
      "segmentSize": 10000000,
      "segments": [
        [
          151111329262702,
          "9ecabb96e87d9d584827d228d251415bba447ee567245fa62c21dd6b388b74a3",
          5012
        ]
      ]
    },
    "translations\\ro_RO.json": {
      "sha256": "f63236cf1e5fe040797d9f99f109e0a91c56b1fb99de0efbb462414e531ef926",
      "size": 19743,
      "segmentSize": 10000000,
      "segments": [
        [
          209432992181381,
          "f63236cf1e5fe040797d9f99f109e0a91c56b1fb99de0efbb462414e531ef926",
          5133
        ]
      ]
    },
    "translations\\ru_RU.json": {
      "sha256": "fdbac03b7d8cc37ef40c3bfb9d84a42ffb6cc7ee5645426f3e38c84424c0396e",
      "size": 36908,
      "segmentSize": 10000000,
      "segments": [
        [
          94805198338318,
          "fdbac03b7d8cc37ef40c3bfb9d84a42ffb6cc7ee5645426f3e38c84424c0396e",
          6053
        ]
      ]
    },
    "translations\\sv_SE.json": {
      "sha256": "d6d0ddd848aec8a6915b6cdc36555723a694802bf60b6076341acdc43e83736c",
      "size": 18536,
      "segmentSize": 10000000,
      "segments": [
        [
          214760311823942,
          "d6d0ddd848aec8a6915b6cdc36555723a694802bf60b6076341acdc43e83736c",
          4921
        ]
      ]
    },
    "translations\\tr_TR.json": {
      "sha256": "a45667ef6ee5099bea3865ae1a7ea739ad373bb12028acd4c29f32cd96ef54ff",
      "size": 20245,
      "segmentSize": 10000000,
      "segments": [
        [
          24539414856216,
          "a45667ef6ee5099bea3865ae1a7ea739ad373bb12028acd4c29f32cd96ef54ff",
          5200
        ]
      ]
    },
    "translations\\zh_CN.json": {
      "sha256": "f5f5a626e9617e6c057ac655609f3bfc66c9511d0d4c075bd6e31f673f269b14",
      "size": 20305,
      "segmentSize": 10000000,
      "segments": [
        [
          273315261992896,
          "f5f5a626e9617e6c057ac655609f3bfc66c9511d0d4c075bd6e31f673f269b14",
          5292
        ]
      ]
    },
    "translations\\zh_HK.json": {
      "sha256": "651269e853e6e2d6f8aec7cef109d6126cfe52f460acd80d1168ae2b95d647ae",
      "size": 21276,
      "segmentSize": 10000000,
      "segments": [
        [
          198511779606015,
          "651269e853e6e2d6f8aec7cef109d6126cfe52f460acd80d1168ae2b95d647ae",
          5328
        ]
      ]
    },
    "translations\\zh_TW.json": {
      "sha256": "e7219b8ec23ca988996393aff1dfc047bdffbc42818126b11ba64ebbf60415f4",
      "size": 21264,
      "segmentSize": 10000000,
      "segments": [
        [
          132575223573097,
          "e7219b8ec23ca988996393aff1dfc047bdffbc42818126b11ba64ebbf60415f4",
          5308
        ]
      ]
    },
    "oculus_p2p_64.dll": {
      "sha256": "922ee45e3ebef0ec445656f6e22929b569e0843c8e928a3740c584a2637860a9",
      "size": 6733736,
      "segmentSize": 10000000,
      "segments": [
        [
          77314070845633,
          "922ee45e3ebef0ec445656f6e22929b569e0843c8e928a3740c584a2637860a9",
          3168971
        ]
      ]
    },
    "server-plugins\\Firmware\\firmware.zip": {
      "sha256": "48de14b1d8281d71e961d751a03a9df90cbe4c7c7640999fe13a253e038c42bd",
      "size": 476642,
      "segmentSize": 10000000,
      "segments": [
        [
          260133395964406,
          "48de14b1d8281d71e961d751a03a9df90cbe4c7c7640999fe13a253e038c42bd",
          471121
        ]
      ]
    },
    "server-plugins\\Firmware\\firmware_km.zip": {
      "sha256": "e1cbe685582d8312e833f8f0b0d1424f6e46d455b49bac7b68fa885463983720",
      "size": 3441217,
      "segmentSize": 10000000,
      "segments": [
        [
          245463380293963,
          "e1cbe685582d8312e833f8f0b0d1424f6e46d455b49bac7b68fa885463983720",
          1997790
        ]
      ]
    },
    "dbgeng.dll": {
      "sha256": "b979a0149c662375bc155e19fd607ec4993b395a18bde6847c865d3455943020",
      "size": 7312400,
      "segmentSize": 10000000,
      "segments": [
        [
          158980130712666,
          "b979a0149c662375bc155e19fd607ec4993b395a18bde6847c865d3455943020",
          2762750
        ]
      ]
    },
    "dbgcore.dll": {
      "sha256": "9287dbd9fefac824e44121f65f207c67eab7f4692c596d72082619d4420244ee",
      "size": 173608,
      "segmentSize": 10000000,
      "segments": [
        [
          222536648115527,
          "9287dbd9fefac824e44121f65f207c67eab7f4692c596d72082619d4420244ee",
          81786
        ]
      ]
    },
    "OVRRedir.exe": {
      "sha256": "57ea48e1e84007036f6cef3f3e903bfda548ee5a9ad6b740af8b6e568b4c4c0b",
      "size": 1195768,
      "segmentSize": 10000000,
      "segments": [
        [
          105260353196860,
          "57ea48e1e84007036f6cef3f3e903bfda548ee5a9ad6b740af8b6e568b4c4c0b",
          491714
        ]
      ]
    },
    "libovravatar.dll": {
      "sha256": "3e5a02f1af86205a12968ff9af64c76479cdfafaa9161a80aedf226d546596c3",
      "size": 3255032,
      "segmentSize": 10000000,
      "segments": [
        [
          37630324550422,
          "3e5a02f1af86205a12968ff9af64c76479cdfafaa9161a80aedf226d546596c3",
          1601671
        ]
      ]
    },
    "server-plugins\\RiftS.dll": {
      "sha256": "a337c4e9da018f260b880d4084f69797471803bbe9e9bf324228d166233f6dc8",
      "size": 4872952,
      "segmentSize": 10000000,
      "segments": [
        [
          233457648008840,
          "a337c4e9da018f260b880d4084f69797471803bbe9e9bf324228d166233f6dc8",
          1888130
        ]
      ]
    },
    "OVRServer_x64.exe": {
      "sha256": "d2d6ea974633b085f24f024899c89c238085651cf10d41b455a94b05b5ea653f",
      "size": 9322744,
      "segmentSize": 10000000,
      "segments": [
        [
          202765476781678,
          "d2d6ea974633b085f24f024899c89c238085651cf10d41b455a94b05b5ea653f",
          3024461
        ]
      ]
    },
    "OVRServiceLauncher.exe": {
      "sha256": "f3090c9c9c83725db85f554a1998c09f805311045285e433e9f872d6e44982ca",
      "size": 511736,
      "segmentSize": 10000000,
      "segments": [
        [
          98935985526882,
          "f3090c9c9c83725db85f554a1998c09f805311045285e433e9f872d6e44982ca",
          200165
        ]
      ]
    },
    "RuntimeIPCServiceClient_32.dll": {
      "sha256": "7eb4497ae4689713e2063fd225ba29d51e92815899c79805a8657c612014dd09",
      "size": 535288,
      "segmentSize": 10000000,
      "segments": [
        [
          10992536584691,
          "7eb4497ae4689713e2063fd225ba29d51e92815899c79805a8657c612014dd09",
          248463
        ]
      ]
    },
    "LibOVRP2P32_1.dll": {
      "sha256": "20c0837173bfae379e66549a35e4cf468e43efd550b85ca61729b071b4de44ba",
      "size": 5919992,
      "segmentSize": 10000000,
      "segments": [
        [
          207628809367621,
          "20c0837173bfae379e66549a35e4cf468e43efd550b85ca61729b071b4de44ba",
          2836792
        ]
      ]
    },
    "LibOVRPlatform32_1.dll": {
      "sha256": "150e64d32ed7ef4a197272a6b2b43b8a696cb85e4fbf54dcffc00f00e9ab66cc",
      "size": 6342392,
      "segmentSize": 10000000,
      "segments": [
        [
          24226187278872,
          "150e64d32ed7ef4a197272a6b2b43b8a696cb85e4fbf54dcffc00f00e9ab66cc",
          2775169
        ]
      ]
    },
    "client-plugins\\x86\\XR_EXT_hand_tracking.dll": {
      "sha256": "5bd1c934857607252a266438262e37f3d5d23b1b37aadfa0a7731c1d0afec80a",
      "size": 493816,
      "segmentSize": 10000000,
      "segments": [
        [
          144796299329223,
          "5bd1c934857607252a266438262e37f3d5d23b1b37aadfa0a7731c1d0afec80a",
          253401
        ]
      ]
    },
    "OculusAppFramework.dll": {
      "sha256": "1b4bf48ea9317e6e89f4356162f19f5ec54eefdac4bf8a4968c1da724e95d111",
      "size": 18954488,
      "segmentSize": 10000000,
      "segments": [
        [
          233950845849430,
          "0ead1beff643032fe3853738360a0bfd787e9831afa10ffef8603513baab5e9a",
          4269882
        ],
        [
          96705393869628,
          "06bba3504abdae4f1234775822636e0e4b362163c37443cd6750d19c8d7746f7",
          3000812
        ]
      ]
    },
    "client-plugins\\x64\\XR_EXT_hand_tracking.dll": {
      "sha256": "8d23399337a6b0044a957ae593b653dc35c13cebd0c644cbb868f23a71a0b66e",
      "size": 642296,
      "segmentSize": 10000000,
      "segments": [
        [
          280034372521896,
          "8d23399337a6b0044a957ae593b653dc35c13cebd0c644cbb868f23a71a0b66e",
          301507
        ]
      ]
    },
    "RuntimeIPCServiceClient_64.dll": {
      "sha256": "0708e68552b3ac93e70cd03e64289b6753038bceeb48b1522d3ae54a1ed9da2d",
      "size": 697080,
      "segmentSize": 10000000,
      "segments": [
        [
          160822393709665,
          "0708e68552b3ac93e70cd03e64289b6753038bceeb48b1522d3ae54a1ed9da2d",
          298977
        ]
      ]
    },
    "LibOVRRT64_1.dll": {
      "sha256": "b0143dbd83b9bae9e3b2057a35a882d96bf15dfc9de52c36967899fcd2cfb020",
      "size": 3519224,
      "segmentSize": 10000000,
      "segments": [
        [
          280937718601089,
          "b0143dbd83b9bae9e3b2057a35a882d96bf15dfc9de52c36967899fcd2cfb020",
          1294485
        ]
      ]
    },
    "server-plugins\\Rift.dll": {
      "sha256": "79333bb9974b6650605f38438978a7be9c52cd821daa112540cb9f0e2e817c3f",
      "size": 5583608,
      "segmentSize": 10000000,
      "segments": [
        [
          279479677187375,
          "79333bb9974b6650605f38438978a7be9c52cd821daa112540cb9f0e2e817c3f",
          2158493
        ]
      ]
    },
    "server-plugins\\RemoteHeadset.dll": {
      "sha256": "35780c8458fec00ca18ded716057367d854ff131fc58f1b3141da6e4011c45e8",
      "size": 4959480,
      "segmentSize": 10000000,
      "segments": [
        [
          77458162782061,
          "35780c8458fec00ca18ded716057367d854ff131fc58f1b3141da6e4011c45e8",
          2168463
        ]
      ]
    },
    "server-plugins\\RiftS\\RiftSTracker.dll": {
      "sha256": "eeedd440c6b6f61bfb15d4d10b87a0894f522e7849931f4607ae82271c0af242",
      "size": 86388472,
      "segmentSize": 10000000,
      "segments": [
        [
          219525684406334,
          "a38424d891e97a0e3ceebe18ca681fcdbe275fb5704a77712311ad350f497f89",
          2977121
        ],
        [
          110731567668016,
          "10980f0bc863c75f2e8eca93a432c0018fa607b19894cf3f13351fc8cd763aca",
          3737963
        ],
        [
          213288912999396,
          "1cb82937cd6480d865866e23499746e7db4de29ecd2a08235952facc3c5688d5",
          3003336
        ],
        [
          243906031075316,
          "629ce251d8cdde12e53583b97c1377023e6b94d8167349ff3222ba813ad0ff5f",
          2814209
        ],
        [
          64473345787182,
          "9e52a6d979bb839824e5d69b9e7f0d2b4a664676342e78c85a1fe96a1b3a7037",
          4469387
        ],
        [
          157842277669031,
          "09c8eeaa0eb353c52cc019c18fbb55a16a32fad2e4a23193647834b43bfd9ce0",
          2971833
        ],
        [
          28416102469611,
          "a60e3e1418a9c0f947ea2fd7f28b7436edd02eb0c6d3632824689daadb506ee6",
          2108411
        ],
        [
          42947028669171,
          "59e07f12d99126ea52296fb48d0e110f648a4e40d805376b2ab88f394eeca4b0",
          3285639
        ],
        [
          241772864460802,
          "13424c204f7ea953fc0bd473a6800f908c60809d66b76b5662284290e8bf9b7f",
          1563280
        ]
      ]
    },
    "server-plugins\\Emulation.dll": {
      "sha256": "bae263fbf139ac1f0fee4fb0142f6f6bf8f3617e6c1dfd385f83159bcd5fbd5a",
      "size": 1257208,
      "segmentSize": 10000000,
      "segments": [
        [
          135493343085583,
          "bae263fbf139ac1f0fee4fb0142f6f6bf8f3617e6c1dfd385f83159bcd5fbd5a",
          548225
        ]
      ]
    },
    "LibOVRRT32_1.dll": {
      "sha256": "ee2cc941b4763fbf41db201319ab8c0571c8fe17a0bdc0937dddf8a139e99cc3",
      "size": 2766072,
      "segmentSize": 10000000,
      "segments": [
        [
          163097074265767,
          "ee2cc941b4763fbf41db201319ab8c0571c8fe17a0bdc0937dddf8a139e99cc3",
          1070008
        ]
      ]
    },
    "LibOVRPlatform64_1.dll": {
      "sha256": "43452062af0ba77ade0e7c06cd86199fdbbd2c393c4327566d9edd173272fcff",
      "size": 8498424,
      "segmentSize": 10000000,
      "segments": [
        [
          239119585151236,
          "43452062af0ba77ade0e7c06cd86199fdbbd2c393c4327566d9edd173272fcff",
          3404956
        ]
      ]
    },
    "LibOVRP2P64_1.dll": {
      "sha256": "7617f23fe8624c3db2b881491581f4b1148c5cba405d89cc83fc85dc6a6c03ba",
      "size": 7210744,
      "segmentSize": 10000000,
      "segments": [
        [
          135089700140725,
          "7617f23fe8624c3db2b881491581f4b1148c5cba405d89cc83fc85dc6a6c03ba",
          3376967
        ]
      ]
    }
  },
  "dlcs": {},
  "assetFiles": {},
  "packageType": "CORE_APP",
  "isCore": true,
  "appId": "572698886195608",
  "canonicalName": "oculus-runtime",
  "launchFile": "OVRServiceLauncher.exe",
  "launchParameters": "",
  "launchFile2D": null,
  "launchParameters2D": null,
  "version": "33.0.0.28.194",
  "versionCode": 1630367336,
  "redistributables": [],
  "firewallExceptionsRequired": false,
  "thirdParty": false,
  "manifestVersion": 1
}